relationship_id	identity	card	proposed_wording	supporting_identity_claims	supporting_sources	canonical_card_facts	relationship_evidence	limitation	why_wording_may_be_entailed	owner_decision
cardrel_wu_c46718dc	WU	Isperia, Supreme Judge	Isperia represents Azorius leadership, and her card rewards you with additional information when opponents attack you or your planeswalkers.	azorius_senate_claim_005	src_wotc_flavorful_guide_ravnica_allegiance_2019;src_mtg_stories_the_gathering_storm_chapter_3_c2a81b82;src_mtg_stories_rallying_the_reluctant_d21b8009;src_mtg_stories_ashes_6ede4fea;src_mtg_stories_desperate_operatives_6c6a580b;src_mtg_stories_fblthp_e26059d7	data/scryfall/indexes/commander-index.json#oracle_id=c46718dc-24dc-4b77-b455-aa4c89570b8d	data/raw-factions/azorius_senate/azorius_senate.profile.json#/commander_compass/native_fit_commanders/0: Directly represents the guild's leadership and punishes those who dare attack the law (you).	You prefer a proactive, aggressive strategy rather than reactive defense.	The preserved Commander guidance sentence is the direct relationship assertion. Certified claim IDs establish the identity-side boundary; the committed Scryfall index establishes only the named card facts. Owner review must confirm that the sentence does not overstate that bridge.	APPROVE_AFTER_REVISION
cardrel_wu_1f8d4d5f	WU	Grand Arbiter Augustin IV	Grand Arbiter makes your white and blue spells cost less while making every opponent's spell cost more.	azorius_senate_claim_001;azorius_senate_claim_002;azorius_senate_claim_006;azorius_senate_claim_007	src_wotc_flavorful_guide_ravnica_allegiance_2019;src_wotc_ravnica_allegiance_mechanics_2018	data/scryfall/indexes/commander-index.json#oracle_id=1f8d4d5f-e82f-45f3-823e-1bb6b536eb18	data/raw-factions/azorius_senate/azorius_senate.profile.json#/commander_compass/advanced_complexity_commanders/0: The ultimate expression of Azorius tax-based gameplay; he slows the game down to a crawl.	High salt score on EDHREC. Use with caution. Your playgroup dislikes 'Stax' or games that take 3+ hours.	The preserved Commander guidance sentence is the direct relationship assertion. Certified claim IDs establish the identity-side boundary; the committed Scryfall index establishes only the named card facts. Owner review must confirm that the sentence does not overstate that bridge.	APPROVE
cardrel_ub_8027a610	UB	Lazav, Dimir Mastermind	When an opponent's creature card reaches their graveyard, Lazav can copy it while keeping his name, legendary status, hexproof, and the ability to copy again.	house_dimir_claim_001;house_dimir_claim_002;house_dimir_claim_004;house_dimir_claim_0017	src_wotc_flavorful_guide_guilds_ravnica_2018;src_wotc_guilds_ravnica_mechanics_2018	data/scryfall/indexes/commander-index.json#oracle_id=8027a610-613e-4640-9840-c8778694f312	data/raw-factions/house_dimir/house_dimir.profile.json#/commander_compass/native_fit_commanders/0: Auxiliary product fit for players who want a Lazav-led Dimir deck; the canonical proof is Lazav as guildmaster, not the deck mechanics.	Commander/card/product material remains auxiliary and is not authoritative Dimir semantic proof. Skip if you want a transparent table plan or a commander whose appeal does not depend on opponents' graveyards.	The draft narrows the internal Commander guidance to the direct native figure relationship stated by the cited substantive claim. It deliberately makes no gameplay, player-motivation, or personality inference.	APPROVE
cardrel_br_143a269a	BR	Rakdos, Lord of Riots	Rakdos is the native demon-headliner choice: opponents must lose life before the show begins, then life-loss discounts enormous creatures.	cult_of_rakdos_claim_001;cult_of_rakdos_claim_002;cult_of_rakdos_claim_003;cult_of_rakdos_claim_004;cult_of_rakdos_claim_005;cult_of_rakdos_claim_006	src_wotc_flavorful_guide_ravnica_allegiance_2019;src_wotc_ravnica_allegiance_mechanics_2018	data/scryfall/indexes/commander-index.json#oracle_id=143a269a-b9ee-48ba-bd7b-4aa46eb36778	data/raw-factions/cult_of_rakdos/cult_of_rakdos.profile.json#/commander_compass/native_fit_commanders/0: Rakdos is the native demon-headliner choice: opponents must lose life before the show begins, then life-loss discounts enormous creatures.	Discovery-only story-corpus claim IDs removed from this auxiliary support chain. Commander/card/product material remains auxiliary and is not authoritative Rakdos semantic proof. Skip if you want consistent early casting, low variance, or a commander that avoids big threat perception.	The preserved Commander guidance sentence is the direct relationship assertion. Certified claim IDs establish the identity-side boundary; the committed Scryfall index establishes only the named card facts. Owner review must confirm that the sentence does not overstate that bridge.	APPROVE
cardrel_br_03a4b997	BR	Rakdos, the Showstopper	This is a pure flavor-forward Rakdos performance: the demon arrives, the stage erupts, and survival becomes a coin-flip spectacle.	cult_of_rakdos_claim_001;cult_of_rakdos_claim_002;cult_of_rakdos_claim_003;cult_of_rakdos_claim_004;cult_of_rakdos_claim_005;cult_of_rakdos_claim_006	src_wotc_flavorful_guide_ravnica_allegiance_2019;src_wotc_ravnica_allegiance_mechanics_2018	data/scryfall/indexes/commander-index.json#oracle_id=03a4b997-4738-41a9-933f-e1f765e3a75a	data/raw-factions/cult_of_rakdos/cult_of_rakdos.profile.json#/commander_compass/iconic_lore_forward_commanders/0: This is a pure flavor-forward Rakdos performance: the demon arrives, the stage erupts, and survival becomes a coin-flip spectacle.	High-variance by design. Discovery-only story-corpus claim IDs removed from this auxiliary support chain. Commander/card/product material remains auxiliary and is not authoritative Rakdos semantic proof. Skip if you want reliability, low variance, or table-safe board states.	The preserved Commander guidance sentence is the direct relationship assertion. Certified claim IDs establish the identity-side boundary; the committed Scryfall index establishes only the named card facts. Owner review must confirm that the sentence does not overstate that bridge.	APPROVE
cardrel_rg_b7505737	RG	Borborygmos Enraged	Borborygmos turns combat damage into lands in hand, then lets you discard those lands to deal 3 damage to any target.	claim_gruul_clans_key_figure_0012;claim_gruul_clans_key_figure_0013;claim_gruul_clans_key_figure_0035;claim_gruul_clans_key_figure_0036;claim_gruul_clans_key_figure_0046	src_gruul_clans_0002;src_gruul_clans_0003;src_gruul_clans_0009	data/scryfall/indexes/commander-index.json#oracle_id=b7505737-1fc8-4ee8-8b1d-5dde73b6a76d	data/raw-factions/gruul_clans/gruul_clans.profile.json#/commander_compass/native_fit_commanders/0: A Burning-Tree-linked Gruul figure whose lands-matter damage gameplay can echo direct Rubblebelt force as auxiliary Commander texture.	You don't want to play an 8-mana commander.	The draft narrows the internal Commander guidance to the direct native figure relationship stated by the cited substantive claim. It deliberately makes no gameplay, player-motivation, or personality inference.	APPROVE
cardrel_rg_ebf3fd80	RG	Nikya of the Old Ways	She forces you to abandon 'civilized' noncreature spells in exchange for massive mana for monsters.	claim_gruul_clans_key_figure_0023;claim_gruul_clans_structure_0021;claim_gruul_clans_philosophy_0022	src_gruul_clans_0002	data/scryfall/indexes/commander-index.json#oracle_id=ebf3fd80-9574-489b-9428-f4251834bdc4	data/raw-factions/gruul_clans/gruul_clans.profile.json#/commander_compass/budget_friendly_commanders/0: She forces you to abandon 'civilized' noncreature spells in exchange for massive mana for monsters.	Requires a very specific deck composition. You like playing instants, sorceries, or artifacts.	The preserved Commander guidance sentence is the direct relationship assertion. Certified claim IDs establish the identity-side boundary; the committed Scryfall index establishes only the named card facts. Owner review must confirm that the sentence does not overstate that bridge.	APPROVE
cardrel_rg_6ed13a89	RG	Ruric Thar, the Unbowed	Ruric Thar must attack when able and deals 6 damage to any player who casts a noncreature spell.	claim_gruul_clans_key_figure_0016;claim_gruul_clans_structure_0017	src_gruul_clans_0002	data/scryfall/indexes/commander-index.json#oracle_id=6ed13a89-4284-4c01-8099-75e2d68c8c63	data/raw-factions/gruul_clans/gruul_clans.profile.json#/commander_compass/iconic_lore_forward_commanders/0: A severe Gruul pressure piece against noncreature spell plans; creature-first tables punish players who try to solve everything with spells.	You want to play a deck with more than 5-10 noncreature spells.	The preserved Commander guidance sentence is the direct relationship assertion. Certified claim IDs establish the identity-side boundary; the committed Scryfall index establishes only the named card facts. Owner review must confirm that the sentence does not overstate that bridge.	APPROVE
cardrel_wg_e94ef397	WG	Trostani, Selesnya's Voice	Whenever another creature you control enters, you gain life equal to its toughness; Trostani can also populate a creature token you control.	selesnya_conclave_claim_005;selesnya_conclave_claim_006;selesnya_conclave_claim_007;selesnya_conclave_claim_0018;selesnya_conclave_claim_0020	src_wotc_flavorful_guide_guilds_ravnica_2018;src_wotc_guilds_ravnica_mechanics_2018;src_wotc_guilds_ravnica_prerelease_primer_2018	data/scryfall/indexes/commander-index.json#oracle_id=e94ef397-f5c5-4b8d-ae27-528352fa1d1e	data/raw-factions/selesnya_conclave/selesnya_conclave.profile.json#/commander_compass/native_fit_commanders/0: Trostani has source-backed Selesnya leadership context, while her token/populate/lifegain card play is auxiliary Commander texture rather than independent lore proof.	Skip if you dislike token bookkeeping, longer board-development games, or populate needing good token targets.	The draft narrows the internal Commander guidance to the direct native figure relationship stated by the cited substantive claim. It deliberately makes no gameplay, player-motivation, or personality inference.	APPROVE
cardrel_wb_644eeefd	WB	Teysa Karlov	Teysa Karlov makes your permanents' death triggers happen twice, while giving your creature tokens vigilance and lifelink.	orzhov_syndicate_claim_005;orzhov_syndicate_claim_006;orzhov_syndicate_claim_007;orzhov_syndicate_claim_0018;orzhov_syndicate_claim_0020	src_wotc_flavorful_guide_ravnica_allegiance_2019;src_wotc_ravnica_allegiance_mechanics_2018	data/scryfall/indexes/commander-index.json#oracle_id=644eeefd-e684-4ca8-8aef-a892ca130c07	data/raw-factions/orzhov_syndicate/orzhov_syndicate.profile.json#/commander_compass/native_fit_commanders/0: Teysa is the clearest native Orzhov product fit: she doubles death-trigger value and turns token bodies into a more threatening spiritual workforce.	Discovery-only story-corpus claim IDs removed from this auxiliary support chain. Commander/card/product material remains auxiliary and is not authoritative Orzhov semantic proof. Skip if you dislike sacrifice loops, death-trigger stacks, or incremental value engines.	The preserved Commander guidance sentence is the direct relationship assertion. Certified claim IDs establish the identity-side boundary; the committed Scryfall index establishes only the named card facts. Owner review must confirm that the sentence does not overstate that bridge.	APPROVE
cardrel_wb_8191342b	WB	Teysa, Orzhov Scion	This version of Teysa strongly expresses Orzhov transaction logic: sacrifice, death, replacement bodies, and exile removal all feed the same contract engine.	orzhov_syndicate_claim_002;orzhov_syndicate_claim_003;orzhov_syndicate_claim_006;orzhov_syndicate_claim_007;orzhov_syndicate_claim_0018;orzhov_syndicate_claim_0020	src_wotc_flavorful_guide_ravnica_allegiance_2019;src_wotc_ravnica_allegiance_mechanics_2018	data/scryfall/indexes/commander-index.json#oracle_id=8191342b-b25e-4c4d-8f69-aee662148ff4	data/raw-factions/orzhov_syndicate/orzhov_syndicate.profile.json#/commander_compass/native_fit_commanders/1: This version of Teysa strongly expresses Orzhov transaction logic: sacrifice, death, replacement bodies, and exile removal all feed the same contract engine.	Discovery-only story-corpus claim IDs removed from this auxiliary support chain. Commander/card/product material remains auxiliary and is not authoritative Orzhov semantic proof. Skip if you want a simple precon-style gameplan or dislike combo-adjacent sacrifice engines.	The preserved Commander guidance sentence is the direct relationship assertion. Certified claim IDs establish the identity-side boundary; the committed Scryfall index establishes only the named card facts. Owner review must confirm that the sentence does not overstate that bridge.	APPROVE
cardrel_wb_647d7988	WB	Karlov of the Ghost Council	Each lifegain event puts two +1/+1 counters on Karlov, and removing six of those counters exiles a creature.	orzhov_syndicate_claim_004;orzhov_syndicate_claim_006;orzhov_syndicate_claim_007;orzhov_syndicate_claim_0018;orzhov_syndicate_claim_0020	src_wotc_flavorful_guide_ravnica_allegiance_2019;src_wotc_ravnica_allegiance_mechanics_2018	data/scryfall/indexes/commander-index.json#oracle_id=647d7988-9a5d-4700-9238-938d0d5fae12	data/raw-factions/orzhov_syndicate/orzhov_syndicate.profile.json#/commander_compass/advanced_complexity_commanders/0: Karlov converts lifegain into visible authority: counters become removal, making every payment and tithe a future sentence.	Can become removal-heavy and commander-centric. Discovery-only story-corpus claim IDs removed from this auxiliary support chain. Commander/card/product material remains auxiliary and is not authoritative Orzhov semantic proof. Skip if you want a token-sacrifice deck or dislike commander-damage pressure backed by cheap lifegain triggers.	The preserved Commander guidance sentence is the direct relationship assertion. Certified claim IDs establish the identity-side boundary; the committed Scryfall index establishes only the named card facts. Owner review must confirm that the sentence does not overstate that bridge.	APPROVE
cardrel_wb_6c3df703	WB	Obzedat, Ghost Council	Obzedat is the iconic old Orzhov power structure: deathless elites draining value, dodging consequences, and returning to collect again.	orzhov_syndicate_claim_004;orzhov_syndicate_claim_006;orzhov_syndicate_claim_007;orzhov_syndicate_claim_0018;orzhov_syndicate_claim_0020	src_wotc_flavorful_guide_ravnica_allegiance_2019;src_wotc_ravnica_allegiance_mechanics_2018	data/scryfall/indexes/commander-index.json#oracle_id=6c3df703-e96a-4ee4-b449-b8e1e3460bd3	data/raw-factions/orzhov_syndicate/orzhov_syndicate.profile.json#/commander_compass/iconic_lore_forward_commanders/0: Obzedat is the iconic old Orzhov power structure: deathless elites draining value, dodging consequences, and returning to collect again.	Discovery-only story-corpus claim IDs removed from this auxiliary support chain. Commander/card/product material remains auxiliary and is not authoritative Orzhov semantic proof. Skip if you need a fast engine or dislike high-mana commanders that win through slow drain.	The preserved Commander guidance sentence is the direct relationship assertion. Certified claim IDs establish the identity-side boundary; the committed Scryfall index establishes only the named card facts. Owner review must confirm that the sentence does not overstate that bridge.	APPROVE
cardrel_ur_33666a98	UR	Niv-Mizzet, Parun	Niv-Mizzet draws whenever any player casts an instant or sorcery, then turns every card you draw into 1 damage to a target.	claim_izzet_league_0008;claim_izzet_league_0009;claim_izzet_league_0025;claim_izzet_league_0036;claim_izzet_league_0037;claim_izzet_league_0039;claim_izzet_league_0045	src_izzet_league_0002;src_izzet_league_0003;src_izzet_league_0012;src_izzet_league_0010;src_izzet_league_0011	data/scryfall/indexes/commander-index.json#oracle_id=33666a98-812f-4892-9f8d-33e0cbecc340	data/raw-factions/izzet_league/izzet_league.profile.json#/commander_compass/native_fit_commanders/0: He is the cleanest native Izzet bridge: a Ravnican Izzet leader whose gameplay rewards instant/sorcery exchanges with cards and turns card draw into precise damage.	Skip if your table dislikes compact draw-damage combos, repeated triggers, or commanders that become the whole deck plan.	The preserved Commander guidance sentence is the direct relationship assertion. Certified claim IDs establish the identity-side boundary; the committed Scryfall index establishes only the named card facts. Owner review must confirm that the sentence does not overstate that bridge.	APPROVE
cardrel_ur_095d9719	UR	Melek, Izzet Paragon	Melek preserves the lab-experiment feel without defaulting to the dragon. Revealing the top card and copying spells feels like an unstable experiment becoming repeatable technique.	claim_izzet_league_0101	src_izzet_league_0014	data/scryfall/indexes/commander-index.json#oracle_id=095d9719-0db6-43de-8e4f-a0035a4c65ed	data/raw-factions/izzet_league/izzet_league.profile.json#/commander_compass/native_fit_commanders/1: Melek preserves the lab-experiment feel without defaulting to the dragon. Revealing the top card and copying spells feels like an unstable experiment becoming repeatable technique.	Skip if you want a low-curve commander or dislike playing with the top of your library revealed.	The preserved Commander guidance sentence is the direct relationship assertion. Certified claim IDs establish the identity-side boundary; the committed Scryfall index establishes only the named card facts. Owner review must confirm that the sentence does not overstate that bridge.	APPROVE
cardrel_ur_f787c6cf	UR	Mizzix of the Izmagnus	Mizzix captures the escalating experiment: every correctly sequenced spell makes the next experiment cheaper and more dangerous.	claim_izzet_league_0102	src_izzet_league_0014	data/scryfall/indexes/commander-index.json#oracle_id=f787c6cf-a4ff-487b-a7b0-0f516e68510a	data/raw-factions/izzet_league/izzet_league.profile.json#/commander_compass/advanced_complexity_commanders/0: Mizzix captures the escalating experiment: every correctly sequenced spell makes the next experiment cheaper and more dangerous.	Can drift into high-power combo if tuned aggressively. Skip if your group dislikes storm turns, long sequencing, or commanders that snowball from cost reduction.	The preserved Commander guidance sentence is the direct relationship assertion. Certified claim IDs establish the identity-side boundary; the committed Scryfall index establishes only the named card facts. Owner review must confirm that the sentence does not overstate that bridge.	APPROVE
cardrel_ur_899d58dc	UR	Niv-Mizzet, Dracogenius	This is a slower, more table-readable way to center Niv-Mizzet as Izzet identity: intellect, fire, and repeatable resource conversion.	claim_izzet_league_0008;claim_izzet_league_0009;claim_izzet_league_0025;claim_izzet_league_0036;claim_izzet_league_0037;claim_izzet_league_0039;claim_izzet_league_0045	src_izzet_league_0002;src_izzet_league_0003;src_izzet_league_0012;src_izzet_league_0010;src_izzet_league_0011	data/scryfall/indexes/commander-index.json#oracle_id=899d58dc-60b2-4013-9f91-c1888c585d66	data/raw-factions/izzet_league/izzet_league.profile.json#/commander_compass/iconic_lore_forward_commanders/0: This is a slower, more table-readable way to center Niv-Mizzet as Izzet identity: intellect, fire, and repeatable resource conversion.	Skip if you need modern efficiency or want the strongest Niv-Mizzet Commander option.	The preserved Commander guidance sentence is the direct relationship assertion. Certified claim IDs establish the identity-side boundary; the committed Scryfall index establishes only the named card facts. Owner review must confirm that the sentence does not overstate that bridge.	APPROVE
cardrel_bg_87e65e36	BG	Jarad, Golgari Lich Lord	Jarad grows for each creature card in your graveyard and can sacrifice another creature to make each opponent lose life equal to its power.	golgari_swarm_claim_001;golgari_swarm_claim_002;golgari_swarm_claim_003;golgari_swarm_claim_006;golgari_swarm_claim_0018	src_wotc_flavorful_guide_guilds_ravnica_2018;src_wotc_guilds_ravnica_mechanics_2018;src_wotc_guilds_ravnica_prerelease_primer_2018	data/scryfall/indexes/commander-index.json#oracle_id=87e65e36-9483-49fe-b644-2caca092107f	data/raw-factions/golgari_swarm/golgari_swarm.profile.json#/commander_compass/native_fit_commanders/0: A classic Golgari leader who scales with the size of your graveyard and allows you to 'recycle' creatures into direct damage.	Discovery-only story-corpus claim IDs removed from this auxiliary support chain. Commander/card/product material remains auxiliary and is not authoritative Golgari semantic proof. You don't like 'glass cannon' combos or graveyard hate.	The preserved Commander guidance sentence is the direct relationship assertion. Certified claim IDs establish the identity-side boundary; the committed Scryfall index establishes only the named card facts. Owner review must confirm that the sentence does not overstate that bridge.	APPROVE
cardrel_ug_311e9368	UG	Prime Speaker Zegana	Zegana measures your strongest other creature, enters with that many +1/+1 counters, then draws cards equal to her resulting power.	simic_combine_claim_005;simic_combine_claim_006;simic_combine_claim_0018	src_wotc_flavorful_guide_ravnica_allegiance_2019;src_wotc_ravnica_allegiance_mechanics_2018	data/scryfall/indexes/commander-index.json#oracle_id=311e9368-696a-47e7-aa2f-3ef1b1a92e2b	data/raw-factions/simic_combine/simic_combine.profile.json#/commander_compass/native_fit_commanders/0: Zegana has source-backed Simic leadership context, while her size-to-cards gameplay is auxiliary Commander texture for improvement and knowledge rather than independent lore proof.	Skip if you want a low-curve commander or a deck that does not rely on having another large creature first.	The draft narrows the internal Commander guidance to the direct native figure relationship stated by the cited substantive claim. It deliberately makes no gameplay, player-motivation, or personality inference.	APPROVE
cardrel_wr_0f5a3a09	WR	Aurelia, the Warleader	Aurelia attacks with haste, untaps your creatures, and creates a second combat the first time she attacks each turn.	boros_legion_claim_004;boros_legion_claim_009;boros_legion_claim_026	src_wotc_flavorful_guide_guilds_ravnica_2018;src_wotc_gatecrash_boros_lore_2013	data/scryfall/indexes/commander-index.json#oracle_id=0f5a3a09-2f07-4774-9e0f-e99d9a444166	data/raw-factions/boros_legion/boros_legion.profile.json#/commander_compass/native_fit_commanders/0: She is the definitive Boros Guildmaster, focused on overwhelming the opponent through sheer military force.	Discovery-only story-corpus claims removed from this support chain during Gate 3. Commander/card/product material remains auxiliary and is not authoritative Boros semantic proof. You prefer a slow, reactive deck or don't enjoy the combat phase.	The preserved Commander guidance sentence is the direct relationship assertion. Certified claim IDs establish the identity-side boundary; the committed Scryfall index establishes only the named card facts. Owner review must confirm that the sentence does not overstate that bridge.	APPROVE
cardrel_wr_ae6f21a2	WR	Tajic, Legion's Edge	A low-cost commander whose mentor rewards attacking and who prevents noncombat damage to your other creatures.	boros_legion_claim_006;boros_legion_claim_026	src_wotc_guilds_ravnica_mechanics_2018	data/scryfall/indexes/commander-index.json#oracle_id=ae6f21a2-e6b6-4793-8343-e27310c0bea1	data/raw-factions/boros_legion/boros_legion.profile.json#/commander_compass/budget_friendly_commanders/0: A low-cost commander that protects your team from damage and encourages offensive growth.	Tajic is retained only as auxiliary Commander/card support, not as authoritative key-figure proof. Commander/card/product material remains auxiliary and is not authoritative Boros semantic proof. You are playing against decks with lots of targeted 'destroy' effects rather than 'damage' effects.	The preserved Commander guidance sentence is the direct relationship assertion. Certified claim IDs establish the identity-side boundary; the committed Scryfall index establishes only the named card facts. Owner review must confirm that the sentence does not overstate that bridge.	APPROVE
cardrel_wr_aa219936	WR	Feather, the Redeemed	Feather returns an instant or sorcery that targeted one of your creatures to your hand at the next end step instead of letting it stay in the graveyard.	boros_legion_claim_009	src_ravnica_novel_2005;src_wotc_gatecrash_boros_lore_2013	data/scryfall/indexes/commander-index.json#oracle_id=aa219936-661b-4ccb-8741-78b70cff2b1a	data/raw-factions/boros_legion/boros_legion.profile.json#/commander_compass/advanced_complexity_commanders/0: A unique Boros 'spellslinger' engine that turns single-target buffs into recurring value.	Feather is retained only through bounded leadership-transition support; story-corpus claims removed. Commander/card/product material remains auxiliary and is not authoritative Boros semantic proof. You dislike tracking many triggers per turn.	The preserved Commander guidance sentence is the direct relationship assertion. Certified claim IDs establish the identity-side boundary; the committed Scryfall index establishes only the named card facts. Owner review must confirm that the sentence does not overstate that bridge.	APPROVE
cardrel_lorehold_61a41cf1	LOREHOLD	Lorehold, the Historian	Directly embodies the 'Eureka' moment of discovery by granting Miracle to all instants and sorceries in hand.	claim_lorehold_figure_0001;claim_lorehold_figure_0002;claim_lorehold_figure_0003;claim_lorehold_figure_0004;claim_lorehold_mechanic_0011;claim_lorehold_mechanic_0012	src_lorehold_0009;src_lorehold_0002;src_lorehold_0005	data/scryfall/indexes/commander-index.json#oracle_id=61a41cf1-60cc-45ba-aa98-493c14e87d9d	data/raw-factions/lorehold/lorehold.profile.json#/commander_compass/native_fit_commanders/0: Directly embodies the 'Eureka' moment of discovery by granting Miracle to all instants and sorceries in hand.	Requires specific top-deck manipulation (Scroll Rack, Sensei's Divining Top) to maximize Miracle. Your deck is primarily permanent-based (artifacts/creatures) rather than instants and sorceries.	The preserved Commander guidance sentence is the direct relationship assertion. Certified claim IDs establish the identity-side boundary; the committed Scryfall index establishes only the named card facts. Owner review must confirm that the sentence does not overstate that bridge.	APPROVE
cardrel_lorehold_5c40a8d4	LOREHOLD	Quintorius, History Chaser	Represents the college's main protagonist in his 2026 iteration, focusing on the spirit-driven historical research.	claim_lorehold_figure_0005;claim_lorehold_figure_0006;claim_lorehold_figure_0007;claim_lorehold_location_0006;claim_lorehold_timeline_0006;claim_lorehold_figure_0021;claim_lorehold_figure_0015	src_lorehold_0009;src_lorehold_0010;src_lorehold_0008;src_lorehold_0006;src_lorehold_0007;src_lorehold_0013	data/scryfall/indexes/commander-index.json#oracle_id=5c40a8d4-6969-4d71-aba5-5c7e4109b7d5	data/raw-factions/lorehold/lorehold.profile.json#/commander_compass/budget_friendly_commanders/0: Represents the college's main protagonist in his 2026 iteration, focusing on the spirit-driven historical research.	Commander eligibility comes from explicit Oracle text, not from the planeswalker type line alone. You are building a high-power non-creature storm deck.	The preserved Commander guidance sentence is the direct relationship assertion. Certified claim IDs establish the identity-side boundary; the committed Scryfall index establishes only the named card facts. Owner review must confirm that the sentence does not overstate that bridge.	APPROVE
cardrel_lorehold_43832745	LOREHOLD	Velomachus Lorehold	When Velomachus attacks, it looks seven cards deep and can cast an instant or sorcery with mana value no greater than its power without paying that spell's mana cost.	claim_lorehold_figure_0001;claim_lorehold_figure_0002;claim_lorehold_figure_0003;claim_lorehold_figure_0004;claim_lorehold_mechanic_0011;claim_lorehold_mechanic_0012	src_lorehold_0009;src_lorehold_0002;src_lorehold_0005	data/scryfall/indexes/commander-index.json#oracle_id=43832745-5d7d-4957-8e30-2072ad012564	data/raw-factions/lorehold/lorehold.profile.json#/commander_compass/iconic_lore_forward_commanders/0: The founder of the college and the original face of Lorehold's spellslinger-aggro identity.	You want a lower mana-value commander; 7 mana is a steep investment in Boros.	The preserved Commander guidance sentence is the direct relationship assertion. Certified claim IDs establish the identity-side boundary; the committed Scryfall index establishes only the named card facts. Owner review must confirm that the sentence does not overstate that bridge.	APPROVE
cardrel_auto_prismari_348c67ef_9ccc_4651_9038_efdf1ad1b36a	PRISMARI	Rootha, Mastering the Moment	Rootha turns a turn's instant-or-sorcery spellcasting into a visible elemental performance: at the beginning of combat on your turn, she creates a separate flying, hasty Elemental token whose size uses the greatest mana value among those spells cast that turn.	prismari_claim_002;prismari_claim_003;prismari_claim_006;prismari_claim_0017	src_wotc_planeswalkers_guide_strixhaven_2021;src_wotc_planeswalkers_guide_secrets_strixhaven_2026;src_wotc_secrets_strixhaven_commander_decklists_20260401	data/scryfall/indexes/commander-index.json#oracle_id=348c67ef-9ccc-4651-9038-efdf1ad1b36a	data/dossier/card-content-review-proposals.source.json#packet1_rationale_prismari_348c67ef_9ccc_4651_9038_efdf1ad1b36a: Rootha turns an instant or sorcery into a visible elemental performance by creating a flying, hasty Elemental whose size follows that spell's mana value.	A bounded card example validated against certified identity claims and canonical card text. It does not prove player motivation, placement, or identity from color, mechanic, tag, or product membership.	Automatically approved only because the certified identity claims, canonical card observation, bounded bridge, false-positive analysis, and neighbor analysis all pass the shared validator.	PENDING
cardrel_auto_witherbloom_f61c1dc4_2f09_4b50_957f_ee656c659072	WITHERBLOOM	Dina, Essence Brewer	Dina makes Witherbloom's practical life-and-death exchange visible: once each turn, sacrificing a creature draws you a card; her separate activated ability sacrifices another creature to gain you life and put that creature's power in +1/+1 counters on a target creature you control.	witherbloom_claim_0019;witherbloom_claim_0022	src_wotc_planeswalkers_guide_strixhaven_2021;src_wotc_planeswalkers_guide_secrets_strixhaven_2026	data/scryfall/indexes/commander-index.json#oracle_id=f61c1dc4-2f09-4b50-957f-ee656c659072	data/dossier/card-content-review-proposals.source.json#packet1_rationale_witherbloom_f61c1dc4_2f09_4b50_957f_ee656c659072: Dina makes Witherbloom's practical life-and-death exchange visible by turning a sacrificed creature into a card, life, and +1/+1 counters.	A bounded card example validated against certified identity claims and canonical card text. It does not prove player motivation, placement, or identity from color, mechanic, tag, or product membership.	Automatically approved only because the certified identity claims, canonical card observation, bounded bridge, false-positive analysis, and neighbor analysis all pass the shared validator.	PENDING
cardrel_auto_quandrix_977f9390_e01d_4e9d_8e9c_e543b1266972	QUANDRIX	Zimone, Infinite Analyst	Zimone makes mathematical scaling visible: +1/+1 counters reduce the cost of your first X spell each turn, and casting that spell puts two +1/+1 counters on her.	quandrix_claim_002;quandrix_claim_006;quandrix_claim_0017;quandrix_claim_0019	src_wotc_planeswalkers_guide_strixhaven_2021;src_wotc_planeswalkers_guide_secrets_strixhaven_2026;src_wotc_secrets_strixhaven_commander_decklists_20260401	data/scryfall/indexes/commander-index.json#oracle_id=977f9390-e01d-4e9d-8e9c-e543b1266972	data/dossier/card-content-review-proposals.source.json#packet1_rationale_quandrix_977f9390_e01d_4e9d_8e9c_e543b1266972: Zimone makes mathematical scaling visible: +1/+1 counters reduce an X spell's cost, and casting that spell adds more counters and creates a flying Fractal token.	A bounded card example validated against certified identity claims and canonical card text. It does not prove player motivation, placement, or identity from color, mechanic, tag, or product membership.	Automatically approved only because the certified identity claims, canonical card observation, bounded bridge, false-positive analysis, and neighbor analysis all pass the shared validator.	PENDING
cardrel_auto_silverquill_d11e627b_8a48_411d_a261_2c9a02a758ba	SILVERQUILL	Breena, the Demagogue	Breena makes social influence change combat: an eligible attack against one of your opponents can draw the attacking player a card while you put two +1/+1 counters on a creature you control.	silverquill_claim_001;silverquill_claim_006;silverquill_claim_0019	src_wotc_planeswalkers_guide_strixhaven_2021;src_wotc_strixhaven_product_page_2021;src_wotc_planeswalkers_guide_secrets_strixhaven_2026	data/scryfall/indexes/commander-index.json#oracle_id=d11e627b-8a48-411d-a261-2c9a02a758ba	data/dossier/card-content-review-proposals.source.json#packet1_rationale_silverquill_d11e627b_8a48_411d_a261_2c9a02a758ba: Breena makes social influence change combat: attacks against a leading opponent can reward the attacker with a card while making Breena larger.	A bounded card example validated against certified identity claims and canonical card text. It does not prove player motivation, placement, or identity from color, mechanic, tag, or product membership.	Automatically approved only because the certified identity claims, canonical card observation, bounded bridge, false-positive analysis, and neighbor analysis all pass the shared validator.	PENDING
cardrel_auto_w_48e6d3d8_2f27_4017_acdd_40bce8cdbc02	W	Giada, Font of Hope	Giada gives White's coordinated creature growth a direct example: she helps cast Angels, and each later Angel enters with counters for the Angels already assembled.	white_claim_0004;white_claim_0007	MONO-W-2015;MONO-W-2025;MECH-CP-2021;GOV-COC-2024	data/scryfall/indexes/commander-index.json#oracle_id=48e6d3d8-2f27-4017-acdd-40bce8cdbc02	data/dossier/card-content-review-proposals.source.json#packet1_rationale_w_48e6d3d8_2f27_4017_acdd_40bce8cdbc02: Giada gives White's coordinated creature growth a direct example: she helps cast Angels, and each later Angel enters with counters for the Angels already assembled.	A bounded card example validated against certified identity claims and canonical card text. It does not prove player motivation, placement, or identity from color, mechanic, tag, or product membership.	Automatically approved only because the certified identity claims, canonical card observation, bounded bridge, false-positive analysis, and neighbor analysis all pass the shared validator.	PENDING
cardrel_auto_b_cbe3a4e7_5dbe_4f58_8ee6_a1762b65acfd	B	K'rrik, Son of Yawgmoth	K'rrik makes Black's resource-conversion pattern literal by letting life pay for black mana symbols and rewarding additional black spells with +1/+1 counters.	black_claim_0004;black_claim_0007	MONO-B-2015;MONO-B-2025;MECH-CP-2021;MECH-CP-2021-CHG	data/scryfall/indexes/commander-index.json#oracle_id=cbe3a4e7-5dbe-4f58-8ee6-a1762b65acfd	data/dossier/card-content-review-proposals.source.json#packet1_rationale_b_cbe3a4e7_5dbe_4f58_8ee6_a1762b65acfd: K'rrik makes Black's resource-conversion pattern literal by letting life pay for black mana symbols and rewarding additional black spells with +1/+1 counters.	A bounded card example validated against certified identity claims and canonical card text. It does not prove player motivation, placement, or identity from color, mechanic, tag, or product membership.	Automatically approved only because the certified identity claims, canonical card observation, bounded bridge, false-positive analysis, and neighbor analysis all pass the shared validator.	PENDING
cardrel_auto_u_ea1eb902_a23c_44ff_9169_19baf71de238	U	Talrand, Sky Summoner	Talrand turns Blue's instant-and-sorcery plan into a visible board by creating a flying Drake whenever you cast one of those spells.	blue_claim_0006;blue_claim_0007	MONO-U-2015;MONO-U-2025;MECH-CP-2021;GOV-COC-2024	data/scryfall/indexes/commander-index.json#oracle_id=ea1eb902-a23c-44ff-9169-19baf71de238	data/dossier/card-content-review-proposals.source.json#packet1_rationale_u_ea1eb902_a23c_44ff_9169_19baf71de238: Talrand turns Blue's instant-and-sorcery plan into a visible board by creating a flying Drake whenever you cast one of those spells.	A bounded card example validated against certified identity claims and canonical card text. It does not prove player motivation, placement, or identity from color, mechanic, tag, or product membership.	Automatically approved only because the certified identity claims, canonical card observation, bounded bridge, false-positive analysis, and neighbor analysis all pass the shared validator.	PENDING
cardrel_auto_r_8c3495bf_02e7_4ad9_949d_92eb3d2b662a	R	Torbran, Thane of Red Fell	Torbran adds 2 damage whenever a red source you control would damage an opponent or one of their permanents.	red_claim_0003;red_claim_0007	MONO-R-2015;MONO-R-2025;MECH-CP-2021;GOV-COC-2024	data/scryfall/indexes/commander-index.json#oracle_id=8c3495bf-02e7-4ad9-949d-92eb3d2b662a	data/dossier/card-content-review-proposals.source.json#packet1_rationale_r_8c3495bf_02e7_4ad9_949d_92eb3d2b662a: Torbran gives Red's direct-action pressure a clear example by increasing damage from red sources to opponents and their permanents.	A bounded card example validated against certified identity claims and canonical card text. It does not prove player motivation, placement, or identity from color, mechanic, tag, or product membership.	Automatically approved only because the certified identity claims, canonical card observation, bounded bridge, false-positive analysis, and neighbor analysis all pass the shared validator.	PENDING
cardrel_auto_g_6c2c8bf3_9bf8_4a86_89d3_3bb36260dc51	G	Azusa, Lost but Seeking	Azusa gives Green's land-based growth a direct Commander example by allowing two additional land plays on each of your turns.	green_claim_0004;green_claim_0007	MONO-G-2015;MONO-G-2025;MECH-CP-2021;MECH-CP-2021-CHG	data/scryfall/indexes/commander-index.json#oracle_id=6c2c8bf3-9bf8-4a86-89d3-3bb36260dc51	data/dossier/card-content-review-proposals.source.json#packet1_rationale_g_6c2c8bf3_9bf8_4a86_89d3_3bb36260dc51: Azusa gives Green's land-based growth a direct Commander example by allowing two additional land plays on each of your turns.	A bounded card example validated against certified identity claims and canonical card text. It does not prove player motivation, placement, or identity from color, mechanic, tag, or product membership.	Automatically approved only because the certified identity claims, canonical card observation, bounded bridge, false-positive analysis, and neighbor analysis all pass the shared validator.	PENDING
cardrel_bant_c6e17443	BANT	Rafiq of the Many	Rafiq is the clearest Bant champion expression: one worthy attacker receives the force and recognition of the whole.	bant_claim_0006;bant_claim_0008	src_vm_bant_evidence_ledger_20260528;src_vm_bant_manual_fill_20260529	data/scryfall/indexes/commander-index.json#oracle_id=c6e17443-2379-419d-8c32-13ea9bf52993	data/raw-factions/bant/bant.profile.json#/commander_compass/native_fit_commanders/0: Rafiq is the clearest Bant champion expression: one worthy attacker receives the force and recognition of the whole.	Card data and deck guidance require live verification before runtime Commander Compass use. The player wants broad go-wide tokens, prison control, or ramp with no champion frame.	The preserved Commander guidance sentence is the direct relationship assertion. Certified claim IDs establish the identity-side boundary; the committed Scryfall index establishes only the named card facts. Owner review must confirm that the sentence does not overstate that bridge.	APPROVE
cardrel_auto_esper_3268251a_8292_44f9_9267_c961b182f739	ESPER	Y'shtola, Night's Blessed	Y'shtola links planned noncreature spells and a known life-loss threshold to repeatable card access and pressure.	esper_claim_0003;esper_claim_0006	src_vm_esper_evidence_ledger_20260529;src_wotc_rosewater_esper_striving_for_perfection	data/scryfall/indexes/commander-index.json#oracle_id=3268251a-8292-44f9-9267-c961b182f739	data/dossier/card-content-review-proposals.source.json#packet1_rationale_esper_3268251a_8292_44f9_9267_c961b182f739: Y'shtola links planned noncreature spells and a known life-loss threshold to repeatable card access and pressure.	A bounded card example validated against certified identity claims and canonical card text. It does not prove player motivation, placement, or identity from color, mechanic, tag, or product membership.	Automatically approved only because the certified identity claims, canonical card observation, bounded bridge, false-positive analysis, and neighbor analysis all pass the shared validator.	PENDING
cardrel_auto_grixis_f5092c14_eec4_472c_999c_ba96c36b2fbb	GRIXIS	Kess, Dissident Mage	Kess turns a spent instant or sorcery into one more planned option by letting you cast one such card from your graveyard during each of your turns.	grixis_claim_0003;grixis_claim_0004;grixis_claim_0006	src_vm_grixis_evidence_ledger_20260530;src_wotc_rosewater_grixis_looking_out_for_number_one	data/scryfall/indexes/commander-index.json#oracle_id=f5092c14-eec4-472c-999c-ba96c36b2fbb	data/dossier/card-content-review-proposals.source.json#packet1_rationale_grixis_f5092c14_eec4_472c_999c_ba96c36b2fbb: Kess turns a spent instant or sorcery into one more planned option by letting you cast one such card from your graveyard during each of your turns.	A bounded card example validated against certified identity claims and canonical card text. It does not prove player motivation, placement, or identity from color, mechanic, tag, or product membership.	Automatically approved only because the certified identity claims, canonical card observation, bounded bridge, false-positive analysis, and neighbor analysis all pass the shared validator.	PENDING
cardrel_auto_jund_868882d2_ed4e_4171_a17c_478a341080fb	JUND	Prossh, Skyraider of Kher	Prossh turns each cast into a larger visible board, then lets those creatures be sacrificed for immediate power.	jund_claim_0005;jund_claim_0008	src_wotc_rosewater_jund_following_your_heart;src_vm_jund_evidence_ledger_20260530;src_vm_jund_reliability_audit_20260530	data/scryfall/indexes/commander-index.json#oracle_id=868882d2-ed4e-4171-a17c-478a341080fb	data/dossier/card-content-review-proposals.source.json#packet1_rationale_jund_868882d2_ed4e_4171_a17c_478a341080fb: Prossh turns each cast into a larger visible board, then lets those creatures be sacrificed for immediate power.	A bounded card example validated against certified identity claims and canonical card text. It does not prove player motivation, placement, or identity from color, mechanic, tag, or product membership.	Automatically approved only because the certified identity claims, canonical card observation, bounded bridge, false-positive analysis, and neighbor analysis all pass the shared validator.	PENDING
cardrel_auto_naya_e7604cd9_d00d_4957_82c9_46a7cdb88209	NAYA	Shalai and Hallar	Shalai and Hallar turn creature growth into immediate table pressure by dealing damage when +1/+1 counters are put on your creatures.	naya_claim_0003;naya_claim_0004;naya_claim_0006	src_vm_naya_evidence_ledger_20260530;src_wotc_rosewater_naya_searching_within	data/scryfall/indexes/commander-index.json#oracle_id=e7604cd9-d00d-4957-82c9-46a7cdb88209	data/dossier/card-content-review-proposals.source.json#packet1_rationale_naya_e7604cd9_d00d_4957_82c9_46a7cdb88209: Shalai and Hallar turn creature growth into immediate table pressure by dealing damage when +1/+1 counters are put on your creatures.	A bounded card example validated against certified identity claims and canonical card text. It does not prove player motivation, placement, or identity from color, mechanic, tag, or product membership.	Automatically approved only because the certified identity claims, canonical card observation, bounded bridge, false-positive analysis, and neighbor analysis all pass the shared validator.	PENDING
cardrel_auto_abzan_2b3f791a_d672_46fb_a03a_96e19f2c3121	ABZAN	Felothar the Steadfast	Felothar makes an Abzan defensive board matter in combat: creatures assign combat damage using toughness, and defenders can attack.	abzan_claim_0002;abzan_claim_0011	src_vm_abzan_evidence_ledger_20260531;src_wotc_rosewater_abzan_we_will_survive;src_wotc_tarkir_dragonstorm_commander_decklists_20250325	data/scryfall/indexes/commander-index.json#oracle_id=2b3f791a-d672-46fb-a03a-96e19f2c3121	data/dossier/card-content-review-proposals.source.json#packet1_rationale_abzan_2b3f791a_d672_46fb_a03a_96e19f2c3121: Felothar makes an Abzan defensive board matter in combat: creatures assign combat damage using toughness, and defenders can attack.	A bounded card example validated against certified identity claims and canonical card text. It does not prove player motivation, placement, or identity from color, mechanic, tag, or product membership.	Automatically approved only because the certified identity claims, canonical card observation, bounded bridge, false-positive analysis, and neighbor analysis all pass the shared validator.	PENDING
cardrel_auto_temur_1b162dd3_3be6_406d_bf86_f7cc9eff098d	TEMUR	Eshki, Temur's Roar	Eshki rewards increasingly large creature spells with visible growth, then cards and damage as the creatures cross higher power thresholds.	temur_claim_0002;temur_claim_0003;temur_claim_0011	src_vm_temur_evidence_ledger_20260531;src_wotc_rosewater_temur_what_doesnt_kill_you;src_wotc_tarkir_dragonstorm_commander_decklists_20250325	data/scryfall/indexes/commander-index.json#oracle_id=1b162dd3-3be6-406d-bf86-f7cc9eff098d	data/dossier/card-content-review-proposals.source.json#packet1_rationale_temur_1b162dd3_3be6_406d_bf86_f7cc9eff098d: Eshki rewards increasingly large creature spells with visible growth, then cards and damage as the creatures cross higher power thresholds.	A bounded card example validated against certified identity claims and canonical card text. It does not prove player motivation, placement, or identity from color, mechanic, tag, or product membership.	Automatically approved only because the certified identity claims, canonical card observation, bounded bridge, false-positive analysis, and neighbor analysis all pass the shared validator.	PENDING
cardrel_auto_sultai_0177b410_b559_491f_b393_ac3ed774653c	SULTAI	Kotis, Sibsig Champion	Kotis turns the graveyard into a constrained resource: one creature can be cast from it each turn by exiling three other graveyard cards as an additional cost.	sultai_claim_0002;sultai_claim_0003;sultai_claim_0011	src_vm_sultai_evidence_ledger_20260531;src_wotc_rosewater_sultai_whatever_it_takes;src_wotc_tarkir_dragonstorm_commander_decklists_20250325	data/scryfall/indexes/commander-index.json#oracle_id=0177b410-b559-491f-b393-ac3ed774653c	data/dossier/card-content-review-proposals.source.json#packet1_rationale_sultai_0177b410_b559_491f_b393_ac3ed774653c: Kotis turns the graveyard into a constrained resource: one creature can be cast from it each turn by exiling three other graveyard cards as an additional cost.	A bounded card example validated against certified identity claims and canonical card text. It does not prove player motivation, placement, or identity from color, mechanic, tag, or product membership.	Automatically approved only because the certified identity claims, canonical card observation, bounded bridge, false-positive analysis, and neighbor analysis all pass the shared validator.	PENDING
cardrel_auto_mardu_0f93d88c_9d2e_416d_a10b_99483360b1fb	MARDU	Zurgo Stormrender	Whenever Zurgo attacks, mobilize creates a temporary tapped and attacking Warrior token.	mardu_claim_0002;mardu_claim_0011	src_vm_mardu_evidence_ledger_20260531;src_wotc_rosewater_mardu_finishing_first;src_wotc_tarkir_dragonstorm_commander_decklists_20250325	data/scryfall/indexes/commander-index.json#oracle_id=0f93d88c-9d2e-416d-a10b-99483360b1fb	data/dossier/card-content-review-proposals.source.json#packet1_rationale_mardu_0f93d88c_9d2e_416d_a10b_99483360b1fb: Zurgo makes Mardu's speed-and-pressure frame concrete by creating a temporary attacking creature whenever he attacks.	A bounded card example validated against certified identity claims and canonical card text. It does not prove player motivation, placement, or identity from color, mechanic, tag, or product membership.	Automatically approved only because the certified identity claims, canonical card observation, bounded bridge, false-positive analysis, and neighbor analysis all pass the shared validator.	PENDING
cardrel_auto_jeskai_40ed32a6_ad56_48c7_aecf_b4238c34c212	JESKAI	Shiko and Narset, Unified	Shiko and Narset reward deliberate spell sequencing: the second spell each turn can be copied when it targets a permanent or player.	jeskai_claim_0002;jeskai_claim_0003;jeskai_claim_0011	src_vm_jeskai_evidence_ledger_20260531;src_wotc_rosewater_jeskai_smart_thinking;src_wotc_tarkir_dragonstorm_commander_decklists_20250325	data/scryfall/indexes/commander-index.json#oracle_id=40ed32a6-ad56-48c7-aecf-b4238c34c212	data/dossier/card-content-review-proposals.source.json#packet1_rationale_jeskai_40ed32a6_ad56_48c7_aecf_b4238c34c212: Shiko and Narset reward deliberate spell sequencing: the second spell each turn can be copied when it targets a permanent or player.	A bounded card example validated against certified identity claims and canonical card text. It does not prove player motivation, placement, or identity from color, mechanic, tag, or product membership.	Automatically approved only because the certified identity claims, canonical card observation, bounded bridge, false-positive analysis, and neighbor analysis all pass the shared validator.	PENDING
cardrel_auto_yore_d460a9e2_5a7d_4562_880e_45174be19a9d	YORE	Breya, Etherium Shaper	Breya enters with two Thopter artifact tokens, then can sacrifice two artifacts for damage, creature removal, or life.	yore_claim_0003;yore_claim_0004	src_vm_yore_evidence_ledger_20260602;src_vm_four_color_reference_audit_20260602	data/scryfall/indexes/commander-index.json#oracle_id=d460a9e2-5a7d-4562-880e-45174be19a9d	data/dossier/card-content-review-proposals.source.json#packet1_rationale_yore_d460a9e2_5a7d_4562_880e_45174be19a9d: Breya makes Yore's artifice frame concrete by creating artifact creatures, then converting artifacts through several selectable effects.	A bounded card example validated against certified identity claims and canonical card text. It does not prove player motivation, placement, or identity from color, mechanic, tag, or product membership.	Automatically approved only because the certified identity claims, canonical card observation, bounded bridge, false-positive analysis, and neighbor analysis all pass the shared validator.	PENDING
cardrel_auto_glint_9efe8aff_9a7d_4397_b5fd_c1a0fad7c15f	GLINT	Yidris, Maelstrom Wielder	Yidris converts successful combat into volatile follow-up routes by giving spells cast from hand cascade for the rest of that turn.	glint_claim_0003;glint_claim_0005	src_vm_glint_evidence_ledger_20260602;src_vm_four_color_reference_audit_20260602	data/scryfall/indexes/commander-index.json#oracle_id=9efe8aff-9a7d-4397-b5fd-c1a0fad7c15f	data/dossier/card-content-review-proposals.source.json#packet1_rationale_glint_9efe8aff_9a7d_4397_b5fd_c1a0fad7c15f: Yidris converts successful combat into volatile follow-up routes by giving spells cast from hand cascade for the rest of that turn.	A bounded card example validated against certified identity claims and canonical card text. It does not prove player motivation, placement, or identity from color, mechanic, tag, or product membership.	Automatically approved only because the certified identity claims, canonical card observation, bounded bridge, false-positive analysis, and neighbor analysis all pass the shared validator.	PENDING
cardrel_auto_dune_e54d207c_51b8_458e_86a1_2633ac064c8e	DUNE	Saskia the Unyielding	As Saskia enters, you choose a player; whenever a creature you control deals combat damage to a player, it deals that much damage to the chosen player.	dune_claim_0003;dune_claim_0005	src_vm_dune_evidence_ledger_20260603;src_vm_four_color_reference_audit_20260603	data/scryfall/indexes/commander-index.json#oracle_id=e54d207c-51b8-458e-86a1-2633ac064c8e	data/dossier/card-content-review-proposals.source.json#packet1_rationale_dune_e54d207c_51b8_458e_86a1_2633ac064c8e: Saskia turns visible combat into concentrated pressure: you choose a player, and combat damage dealt elsewhere is repeated against that player.	A bounded card example validated against certified identity claims and canonical card text. It does not prove player motivation, placement, or identity from color, mechanic, tag, or product membership.	Automatically approved only because the certified identity claims, canonical card observation, bounded bridge, false-positive analysis, and neighbor analysis all pass the shared validator.	PENDING
cardrel_auto_ink_53ee4254_fef7_49ec_aafc_0320987764e6	INK	Kynaios and Tiro of Meletis	At your end step, you draw; each player may put a land from hand onto the battlefield, then each opponent who did not do so draws.	ink_claim_0003;ink_claim_0005	src_vm_ink_evidence_ledger_20260604;src_vm_four_color_reference_audit_20260604	data/scryfall/indexes/commander-index.json#oracle_id=53ee4254-fef7-49ec-aafc-0320987764e6	data/dossier/card-content-review-proposals.source.json#packet1_rationale_ink_53ee4254_fef7_49ec_aafc_0320987764e6: Kynaios and Tiro make Ink's shared-resource frame visible: their end-step ability gives every player a chance to develop mana or draw, while their controller also draws.	A bounded card example validated against certified identity claims and canonical card text. It does not prove player motivation, placement, or identity from color, mechanic, tag, or product membership.	Automatically approved only because the certified identity claims, canonical card observation, bounded bridge, false-positive analysis, and neighbor analysis all pass the shared validator.	PENDING
cardrel_auto_witch_7e6b9b59_cd68_4e3c_827b_38833c92d6eb	WITCH	Atraxa, Praetors' Voice	At the beginning of each of your end steps, Atraxa proliferates the counters you choose to advance.	witch_claim_0003;witch_claim_0005	src_vm_witch_evidence_ledger_20260604;src_vm_four_color_reference_audit_20260604	data/scryfall/indexes/commander-index.json#oracle_id=7e6b9b59-cd68-4e3c-827b-38833c92d6eb	data/dossier/card-content-review-proposals.source.json#packet1_rationale_witch_7e6b9b59_cd68_4e3c_827b_38833c92d6eb: Atraxa gives Witch's systematic-accumulation frame a bounded example by proliferating at each of your end steps.	A bounded card example validated against certified identity claims and canonical card text. It does not prove player motivation, placement, or identity from color, mechanic, tag, or product membership.	Automatically approved only because the certified identity claims, canonical card observation, bounded bridge, false-positive analysis, and neighbor analysis all pass the shared validator.	PENDING
cardrel_auto_colorless_50676eba_a55a_4749_bb07_74a30e015781	COLORLESS	Omarthis, Ghostfire Initiate	Omarthis shows one way Colorless can support +1/+1 counter growth: it grows when another colorless creature receives counters, then manifests cards equal to its counters when it dies.	colorless_claim_0005;colorless_claim_0006	COLORLESS-SRC-018;COLORLESS-CANON-001;COLORLESS-SCOPE-005	data/scryfall/indexes/commander-index.json#oracle_id=50676eba-a55a-4749-bb07-74a30e015781	data/dossier/card-content-review-proposals.source.json#packet1_rationale_colorless_50676eba_a55a_4749_bb07_74a30e015781: Omarthis is a bounded example of Colorless growth support: it grows when another colorless creature receives +1/+1 counters, then manifests cards equal to its counters when it dies.	A bounded card example validated against certified identity claims and canonical card text. It does not prove player motivation, placement, or identity from color, mechanic, tag, or product membership.	Automatically approved only because the certified identity claims, canonical card observation, bounded bridge, false-positive analysis, and neighbor analysis all pass the shared validator.	PENDING
cardrel_auto_colorless_ec726c54_987b_48ed_8ffa_ec73a5e35333	COLORLESS	Zhulodok, Void Gorger	Zhulodok shows the Eldrazi-scale side of Colorless: colorless spells cast from hand with mana value seven or greater receive cascade twice.	colorless_claim_0005;colorless_claim_0006	COLORLESS-SRC-018;COLORLESS-CANON-001;COLORLESS-SCOPE-005	data/scryfall/indexes/commander-index.json#oracle_id=ec726c54-987b-48ed-8ffa-ec73a5e35333	data/dossier/card-content-review-proposals.source.json#packet1_rationale_colorless_ec726c54_987b_48ed_8ffa_ec73a5e35333: Zhulodok is a bounded example of Colorless's Eldrazi-scale branch: colorless spells cast from hand with mana value seven or greater receive cascade twice.	A bounded card example validated against certified identity claims and canonical card text. It does not prove player motivation, placement, or identity from color, mechanic, tag, or product membership.	Automatically approved only because the certified identity claims, canonical card observation, bounded bridge, false-positive analysis, and neighbor analysis all pass the shared validator.	PENDING
cardrel_auto_wubrg_9f6828e3_39d9_45d9_9bf1_0e3737a0321e	WUBRG	Ulalek, Fused Atrocity	Ulalek's five-color identity opens the deck's breadth; when you cast an Eldrazi spell, its trigger can turn {C}{C} into copies of every spell you control and every other activated or triggered ability you control, except mana abilities.	wubrg_claim_0002;wubrg_claim_0006;wubrg_claim_0008	WUBRG-OFF-001;WUBRG-LOCAL-001;WUBRG-SCOPE-001;WUBRG-SCOPE-002;WUBRG-CANON-001	data/scryfall/indexes/commander-index.json#oracle_id=9f6828e3-39d9-45d9-9bf1-0e3737a0321e	data/dossier/card-content-review-proposals.source.json#packet1_rationale_wubrg_9f6828e3_39d9_45d9_9bf1_0e3737a0321e: Ulalek demonstrates access to all five colors through its verified color identity, while its ability uses colorless mana to copy Eldrazi spells and abilities.	A bounded card example validated against certified identity claims and canonical card text. It does not prove player motivation, placement, or identity from color, mechanic, tag, or product membership.	Automatically approved only because the certified identity claims, canonical card observation, bounded bridge, false-positive analysis, and neighbor analysis all pass the shared validator.	PENDING
cardrel_auto_vm650_dune_a7dff624_1f6b_4e00_b13b_0b0d69a48ec2	DUNE	Tana, the Bloodsower	Tana turns combat damage dealt to a player into an immediate occupying force: every point becomes another Saproling on the battlefield.	dune_claim_0005	src_vm_dune_evidence_ledger_20260603;src_vm_four_color_reference_audit_20260603	data/scryfall/raw/oracle-cards.json#oracle_id=a7dff624-1f6b-4e00-b13b-0b0d69a48ec2	docs/research/vm650-three-plays-completion.md#four-color-source-inputs: Tana turns combat damage dealt to a player into an immediate occupying force: every point becomes another Saproling on the battlefield.	This is a bounded example of direct action and territorial multiplication. It does not establish Tana as Dune lore or make token combat alone a Dune reading.	Automatically approved because certified identity claims, canonical card text, a bounded bridge, and exclusion of color-only reasoning pass the shared validator.	PENDING
cardrel_auto_vm650_dune_17475cf0_661d_4361_827b_1e4d638089f1	DUNE	Marisi, Breaker of the Coil	Marisi makes combat damage from one of your creatures reshape the next fight: opponents cannot cast spells during combat, and the struck player’s creatures are goaded.	dune_claim_0005	src_vm_dune_evidence_ledger_20260603;src_vm_four_color_reference_audit_20260603	data/scryfall/raw/oracle-cards.json#oracle_id=17475cf0-661d-4361-827b-1e4d638089f1	docs/research/vm650-three-plays-completion.md#four-color-source-inputs: Marisi makes combat damage from one of your creatures reshape the next fight: opponents cannot cast spells during combat, and the struck player’s creatures are goaded.	This supports Dune’s bounded direct-action and organized-force frame, not generic goad, Cat tribal, or every combat deck.	Automatically approved because certified identity claims, canonical card text, a bounded bridge, and exclusion of color-only reasoning pass the shared validator.	PENDING
cardrel_auto_vm650_glint_8dedb9a7_0afa_4dff_b124_2344c170f11a	GLINT	Abaddon the Despoiler	Abaddon converts opponents’ life already lost this turn into cascade for qualifying spells cast from your hand, so a successful push can feed an unpredictable burst of further action.	glint_claim_0005	src_vm_glint_evidence_ledger_20260602;src_vm_four_color_reference_audit_20260602	data/scryfall/raw/oracle-cards.json#oracle_id=8dedb9a7-0afa-4dff-b124-2344c170f11a	docs/research/vm650-three-plays-completion.md#four-color-source-inputs: Abaddon converts opponents’ life already lost this turn into cascade for qualifying spells cast from your hand, so a successful push can feed an unpredictable burst of further action.	This is a bounded force-and-volatility example. It does not establish Abaddon as Glint lore or treat cascade alone as proof of the lane.	Automatically approved because certified identity claims, canonical card text, a bounded bridge, and exclusion of color-only reasoning pass the shared validator.	PENDING
cardrel_auto_vm650_glint_e3444fcf_70ed_4d6e_aea9_030af15cad56	GLINT	Throes of Chaos	Throes of Chaos repeatedly turns a spent land into another cascade, trading stored material for an uncontrolled new route through the deck.	glint_claim_0005	src_vm_glint_evidence_ledger_20260602;src_vm_four_color_reference_audit_20260602	data/scryfall/raw/oracle-cards.json#oracle_id=e3444fcf-70ed-4d6e-aea9-030af15cad56	docs/research/vm650-three-plays-completion.md#four-color-source-inputs: Throes of Chaos repeatedly turns a spent land into another cascade, trading stored material for an uncontrolled new route through the deck.	This supports bounded volatility and adaptation through reuse. It does not make graveyard recursion or random outcomes independently Glint.	Automatically approved because certified identity claims, canonical card text, a bounded bridge, and exclusion of color-only reasoning pass the shared validator.	PENDING
cardrel_auto_vm650_ink_00f82f84_81a5_45e5_9c35_9d627a180950	INK	Collective Voyage	Collective Voyage lets every player help set the scale of a shared land expansion, then lets each player find up to that many basic lands tapped.	ink_claim_0005	src_vm_ink_evidence_ledger_20260604;src_vm_four_color_reference_audit_20260604	data/scryfall/raw/oracle-cards.json#oracle_id=00f82f84-81a5-45e5-9c35-9d627a180950	docs/research/vm650-three-plays-completion.md#four-color-source-inputs: Collective Voyage lets every player help set the scale of a shared land expansion, then lets each player find up to that many basic lands tapped.	This is a direct shared-prosperity example, not proof that every symmetrical ramp spell or group decision belongs to Ink.	Automatically approved because certified identity claims, canonical card text, a bounded bridge, and exclusion of color-only reasoning pass the shared validator.	PENDING
cardrel_auto_vm650_ink_0c34e962_99d9_4163_b852_4f61886546aa	INK	Wedding Ring	When cast, Wedding Ring gives a target opponent a matching engine and makes that opponent's card draw or life gain during their turn echo back to you.	ink_claim_0005	src_vm_ink_evidence_ledger_20260604;src_vm_four_color_reference_audit_20260604	data/scryfall/raw/oracle-cards.json#oracle_id=0c34e962-99d9-4163-b852-4f61886546aa	docs/research/vm650-three-plays-completion.md#four-color-source-inputs: When cast, Wedding Ring gives a target opponent a matching engine and makes that opponent's card draw or life gain during their turn echo back to you.	This is a bounded paired-benefit example. It does not make every reciprocal artifact or life-gain payoff an Ink relationship.	Automatically approved because certified identity claims, canonical card text, a bounded bridge, and exclusion of color-only reasoning pass the shared validator.	PENDING
cardrel_auto_vm650_witch_b45fdeab_00cc_4422_af9f_66f30a880a7c	WITCH	Evolution Sage	Evolution Sage makes each land entering under your control a careful increment across the counters already in place.	witch_claim_0005	src_vm_witch_evidence_ledger_20260604;src_vm_four_color_reference_audit_20260604	data/scryfall/raw/oracle-cards.json#oracle_id=b45fdeab-00cc-4422-af9f-66f30a880a7c	docs/research/vm650-three-plays-completion.md#four-color-source-inputs: Evolution Sage makes each land entering under your control a careful increment across the counters already in place.	This is a bounded patient-accumulation example. Proliferate or counters alone do not establish Witch.	Automatically approved because certified identity claims, canonical card text, a bounded bridge, and exclusion of color-only reasoning pass the shared validator.	PENDING
cardrel_auto_vm650_witch_1946ded1_5f53_409f_b0a6_5433bb0357d2	WITCH	The Ozolith	The Ozolith preserves counters when one of your creatures leaves and can deliberately transfer the accumulated work to a target creature at the beginning of your combat.	witch_claim_0005	src_vm_witch_evidence_ledger_20260604;src_vm_four_color_reference_audit_20260604	data/scryfall/raw/oracle-cards.json#oracle_id=1946ded1-5f53-409f-b0a6-5433bb0357d2	docs/research/vm650-three-plays-completion.md#four-color-source-inputs: The Ozolith preserves counters when one of your creatures leaves and can deliberately transfer the accumulated work to a target creature at the beginning of your combat.	This supports accumulation and continuity of development, not every counter-transfer or artifact strategy.	Automatically approved because certified identity claims, canonical card text, a bounded bridge, and exclusion of color-only reasoning pass the shared validator.	PENDING
cardrel_auto_vm650_yore_037e7fc9_3aa6_484c_a2c8_43009e45f1d8	YORE	Sharuum the Hegemon	When Sharuum enters, it can restore a target artifact card from your graveyard directly to the battlefield, making a constructed tool available for present use again.	yore_claim_0004	src_vm_yore_evidence_ledger_20260602;src_vm_four_color_reference_audit_20260602	data/scryfall/raw/oracle-cards.json#oracle_id=037e7fc9-3aa6-484c-a2c8-43009e45f1d8	docs/research/vm650-three-plays-completion.md#four-color-source-inputs: When Sharuum enters, it can restore a target artifact card from your graveyard directly to the battlefield, making a constructed tool available for present use again.	This is an artifice-and-reconstruction example, not proof that all reanimation or every artifact belongs to Yore.	Automatically approved because certified identity claims, canonical card text, a bounded bridge, and exclusion of color-only reasoning pass the shared validator.	PENDING
cardrel_auto_vm650_yore_d3438037_3efd_4ce0_88ec_6d48ab521992	YORE	Mishra, Eminent One	At the beginning of your combat, Mishra copies a target noncreature artifact you control into a hasty Construct, then retires that temporary warform at the next end step.	yore_claim_0004	src_vm_yore_evidence_ledger_20260602;src_vm_four_color_reference_audit_20260602	data/scryfall/raw/oracle-cards.json#oracle_id=d3438037-3efd-4ce0-88ec-6d48ab521992	docs/research/vm650-three-plays-completion.md#four-color-source-inputs: At the beginning of your combat, Mishra copies a target noncreature artifact you control into a hasty Construct, then retires that temporary warform at the next end step.	This is a bounded artifice/progress example. It does not establish Yore as Mishra lore or make temporary artifact copies independently decisive.	Automatically approved because certified identity claims, canonical card text, a bounded bridge, and exclusion of color-only reasoning pass the shared validator.	PENDING
cardrel_auto_vm650_abzan_0cde6a29_d597_4feb_8b2b_528d2d57a1f3	ABZAN	Hamza, Guardian of Arashin	Hamza makes each creature already strengthened with a +1/+1 counter reduce the cost of building the next creatures.	abzan_claim_0002	src_vm_abzan_evidence_ledger_20260531;src_wotc_rosewater_abzan_we_will_survive	data/scryfall/raw/oracle-cards.json#oracle_id=0cde6a29-d597-4feb-8b2b-528d2d57a1f3	docs/research/vm650-three-plays-completion.md#college-and-tarkir-source-inputs: Hamza makes each creature already strengthened with a +1/+1 counter reduce the cost of building the next creatures.	This is a bounded endurance-through-developed-board example, not an affiliation claim or a rule that every counter card is Abzan.	Automatically approved because certified identity claims, canonical card text, a bounded bridge, and exclusion of color-only reasoning pass the shared validator.	PENDING
cardrel_auto_vm650_temur_725880b2_1675_414f_b61b_cf6533797dbf	TEMUR	Animar, Soul of Elements	Every creature spell makes Animar stronger and lowers the cost of the next creature spell.	temur_claim_0002;temur_claim_0003	src_vm_temur_evidence_ledger_20260531;src_wotc_rosewater_temur_what_doesnt_kill_you	data/scryfall/raw/oracle-cards.json#oracle_id=725880b2-1675-414f-b61b-cf6533797dbf	docs/research/vm650-three-plays-completion.md#college-and-tarkir-source-inputs: Every creature spell makes Animar stronger and lowers the cost of the next creature spell.	This supports a bounded strength-and-action reading; it does not make creature cost reduction generally Temur.	Automatically approved because certified identity claims, canonical card text, a bounded bridge, and exclusion of color-only reasoning pass the shared validator.	PENDING
cardrel_auto_vm650_sultai_55123455_d435_46d4_b0cd_0c1614343be2	SULTAI	The Mimeoplasm	The Mimeoplasm turns two creature cards from graveyards into one chosen body carrying the other card's power as counters.	sultai_claim_0003	src_vm_sultai_evidence_ledger_20260531;src_wotc_rosewater_sultai_whatever_it_takes	data/scryfall/raw/oracle-cards.json#oracle_id=55123455-d435-46d4-b0cd-0c1614343be2	docs/research/vm650-three-plays-completion.md#college-and-tarkir-source-inputs: The Mimeoplasm turns two creature cards from graveyards into one chosen body carrying the other card's power as counters.	This is a bounded graveyard-resource example, not a claim that all copying, counters, or reanimation is Sultai.	Automatically approved because certified identity claims, canonical card text, a bounded bridge, and exclusion of color-only reasoning pass the shared validator.	PENDING
cardrel_auto_vm650_prismari_02d529df_6299_4e8f_9794_70c8061efdc4	PRISMARI	Zaffai, Thunder Conductor	Zaffai turns increasingly large instant and sorcery performances into foresight, then an Elemental, then a dramatic random blast.	prismari_claim_0002;prismari_claim_0003;prismari_claim_0006	src_wotc_planeswalkers_guide_strixhaven_2021;src_wotc_planeswalkers_guide_secrets_strixhaven_2026	data/scryfall/raw/oracle-cards.json#oracle_id=02d529df-6299-4e8f-9794-70c8061efdc4	docs/research/vm650-three-plays-completion.md#college-and-tarkir-source-inputs: Zaffai turns increasingly large instant and sorcery performances into foresight, then an Elemental, then a dramatic random blast.	This is a bounded expression-and-elemental-spectacle example; it does not make every large spell Prismari.	Automatically approved because certified identity claims, canonical card text, a bounded bridge, and exclusion of color-only reasoning pass the shared validator.	PENDING
cardrel_auto_vm650_quandrix_12a6cad9_eb42_43bd_9e68_aaf862cd83db	QUANDRIX	Adrix and Nev, Twincasters	Adrix and Nev apply a simple doubling rule whenever your effects would create tokens.	quandrix_claim_0002;quandrix_claim_0019	src_wotc_planeswalkers_guide_strixhaven_2021	data/scryfall/raw/oracle-cards.json#oracle_id=12a6cad9-eb42-43bd-9e68-aaf862cd83db	docs/research/vm650-three-plays-completion.md#college-and-tarkir-source-inputs: Adrix and Nev apply a simple doubling rule whenever your effects would create tokens.	This is a bounded numerical-pattern example; generic token doubling alone does not prove Quandrix.	Automatically approved because certified identity claims, canonical card text, a bounded bridge, and exclusion of color-only reasoning pass the shared validator.	PENDING
cardrel_auto_vm650_silverquill_2143f413_7baa_4fd6_a7ca_32f52bfa553f	SILVERQUILL	Shadrix Silverquill	Shadrix assigns two different combat-time benefits or costs to two different players, making the table's power relationships a deliberate choice.	silverquill_claim_0006;silverquill_claim_0019	src_wotc_planeswalkers_guide_strixhaven_2021;src_wotc_planeswalkers_guide_secrets_strixhaven_2026	data/scryfall/raw/oracle-cards.json#oracle_id=2143f413-7baa-4fd6-a7ca-32f52bfa553f	docs/research/vm650-three-plays-completion.md#college-and-tarkir-source-inputs: Shadrix assigns two different combat-time benefits or costs to two different players, making the table's power relationships a deliberate choice.	This is a bounded influence-and-allocation example; it does not make every multiplayer choice card Silverquill.	Automatically approved because certified identity claims, canonical card text, a bounded bridge, and exclusion of color-only reasoning pass the shared validator.	PENDING
cardrel_auto_vm650_witherbloom_94723d61_3e29_4180_91bc_df37c4086a66	WITHERBLOOM	Willowdusk, Essence Seer	Willowdusk converts whichever was greater this turn—your life gained or life lost—into +1/+1 counters on another creature.	witherbloom_claim_0022	src_wotc_planeswalkers_guide_strixhaven_2021;src_wotc_planeswalkers_guide_secrets_strixhaven_2026	data/scryfall/raw/oracle-cards.json#oracle_id=94723d61-3e29-4180-91bc-df37c4086a66	docs/research/vm650-three-plays-completion.md#college-and-tarkir-source-inputs: Willowdusk converts whichever was greater this turn—your life gained or life lost—into +1/+1 counters on another creature.	This is a bounded living-essence/life-exchange example; it does not make every life-total payoff Witherbloom.	Automatically approved because certified identity claims, canonical card text, a bounded bridge, and exclusion of color-only reasoning pass the shared validator.	PENDING
cardrel_auto_vm650_w_38515f89_348b_4cf3_b7bd_1f6fe4ce2fba	W	Adeline, Resplendent Cathar	Adeline turns each attack into a broader formation, creating a tapped-and-attacking Human for every opponent.	white_claim_0004;white_claim_0007	MONO-W-2015;MONO-W-2025;MECH-CP-2021;GOV-COC-2024	data/scryfall/raw/oracle-cards.json#oracle_id=1de30c12-2011-495a-be25-f7a46b23e142	docs/research/vm650-three-plays-completion.md#mono-source-inputs: Adeline turns each attack into a broader formation, creating a tapped-and-attacking Human for every opponent.	This is a bounded team-combat example. It does not make Human tokens, vigilance, or attacking alone a complete White reading.	Automatically approved because certified identity claims, canonical card text, a bounded bridge, and exclusion of color-only reasoning pass the shared validator.	PENDING
cardrel_auto_vm650_w_503094aa_6f8f_42c1_ad5a_9305934e5f0c	W	Myrel, Shield of Argive	Myrel protects your turn from many opposing responses, then has each Soldier attack build a larger Soldier formation.	white_claim_0003;white_claim_0004;white_claim_0007	MONO-W-2015;MONO-W-2025;MECH-CP-2021;GOV-COC-2024	data/scryfall/raw/oracle-cards.json#oracle_id=e632ed57-bb00-4493-adef-7b4805edd7ea	docs/research/vm650-three-plays-completion.md#mono-source-inputs: Myrel protects your turn from many opposing responses, then has each Soldier attack build a larger Soldier formation.	This supports a narrow order-and-formation reading; it does not treat every restriction effect or Soldier card as White identity proof.	Automatically approved because certified identity claims, canonical card text, a bounded bridge, and exclusion of color-only reasoning pass the shared validator.	PENDING
cardrel_auto_vm650_u_2b6cbd55_5adc_4a34_ac45_8531705a7ee1	U	Teferi, Mage of Zhalfir	Teferi lets your creature cards arrive at instant speed while forcing opponents to act only at sorcery speed.	blue_claim_0003;blue_claim_0006;blue_claim_0007	MONO-U-2015;MONO-U-2025;MECH-CP-2021;GOV-COC-2024	data/scryfall/raw/oracle-cards.json#oracle_id=8fc5e4a8-ea7b-4803-a7ed-3b915708661f	docs/research/vm650-three-plays-completion.md#mono-source-inputs: Teferi lets your creature cards arrive at instant speed while forcing opponents to act only at sorcery speed.	This is a timing-and-control example only. It does not make any flash card or permission restriction a complete Blue reading.	Automatically approved because certified identity claims, canonical card text, a bounded bridge, and exclusion of color-only reasoning pass the shared validator.	PENDING
cardrel_auto_vm650_u_baf80db7_2ca8_4bfc_b5b6_25ed51878dd7	U	Baral, Chief of Compliance	Baral makes your instants and sorceries cheaper, then can turn a successful counter into a fresh card and a deliberate discard.	blue_claim_0003;blue_claim_0007	MONO-U-2015;MONO-U-2025;MECH-CP-2021;GOV-COC-2024	data/scryfall/raw/oracle-cards.json#oracle_id=60e16d94-1166-4050-8554-686e153a7f80	docs/research/vm650-three-plays-completion.md#mono-source-inputs: Baral makes your instants and sorceries cheaper, then can turn a successful counter into a fresh card and a deliberate discard.	This supports a narrow filtering-and-countermagic example; it does not make cost reduction or any Wizard independently Blue identity proof.	Automatically approved because certified identity claims, canonical card text, a bounded bridge, and exclusion of color-only reasoning pass the shared validator.	PENDING
cardrel_auto_vm650_b_7c209753_121b_4859_944b_4e33f885e777	B	Vilis, Broker of Blood	Vilis turns life loss into cards, and can spend two life to shrink a target creature.	black_claim_0003;black_claim_0004;black_claim_0007	MONO-B-2015;MONO-B-2025;MECH-CP-2021;MECH-CP-2021-CHG	data/scryfall/raw/oracle-cards.json#oracle_id=ecdf2bd9-87b9-470a-ad2e-0ebf98560f87	docs/research/vm650-three-plays-completion.md#mono-source-inputs: Vilis turns life loss into cards, and can spend two life to shrink a target creature.	This is a resource-cost example. It does not establish that every life-loss trigger or Demon represents Black's full identity.	Automatically approved because certified identity claims, canonical card text, a bounded bridge, and exclusion of color-only reasoning pass the shared validator.	PENDING
cardrel_auto_vm650_b_d5be0ff6_39d9_4f9f_a028_e62dc38463f2	B	Gonti, Lord of Luxury	Gonti looks into an opponent's next four cards, takes one face down, and lets you cast it with mana of any type.	black_claim_0003;black_claim_0004;black_claim_0007	MONO-B-2015;MONO-B-2025;MECH-CP-2021;MECH-CP-2021-CHG	data/scryfall/raw/oracle-cards.json#oracle_id=fbbb3aef-af1f-4b77-b7d6-64cfd706a9d9	docs/research/vm650-three-plays-completion.md#mono-source-inputs: Gonti looks into an opponent's next four cards, takes one face down, and lets you cast it with mana of any type.	This is a narrow opportunistic-use example, not a claim that every theft effect or deathtouch creature is Black identity proof.	Automatically approved because certified identity claims, canonical card text, a bounded bridge, and exclusion of color-only reasoning pass the shared validator.	PENDING
cardrel_auto_vm650_r_4fdbbec2_e921_4b63_958d_f9ba1e417197	R	Purphoros, God of the Forge	Every other creature you bring in hits each opponent for 2, and Purphoros can turn the whole team more aggressive for a turn.	red_claim_0003;red_claim_0004;red_claim_0007	MONO-R-2015;MONO-R-2025;MECH-CP-2021;GOV-COC-2024	data/scryfall/raw/oracle-cards.json#oracle_id=4736a2c4-c89c-48db-a104-6303e7e2eee8	docs/research/vm650-three-plays-completion.md#mono-source-inputs: Every other creature you bring in hits each opponent for 2, and Purphoros can turn the whole team more aggressive for a turn.	This is a direct-pressure example. It does not make token entry, devotion, or any global pump effect a complete Red reading.	Automatically approved because certified identity claims, canonical card text, a bounded bridge, and exclusion of color-only reasoning pass the shared validator.	PENDING
cardrel_auto_vm650_r_b0d3fd57_1420_4dd1_8410_9d659655287f	R	Neheb, the Eternal	Neheb converts the life your opponents have lost this turn into red mana after combat, so pressure can fuel the next burst of action.	red_claim_0003;red_claim_0006;red_claim_0007	MONO-R-2015;MONO-R-2025;MECH-CP-2021;GOV-COC-2024	data/scryfall/raw/oracle-cards.json#oracle_id=767c5831-2195-4efa-802d-2ea2e6dabb5b	docs/research/vm650-three-plays-completion.md#mono-source-inputs: Neheb converts the life your opponents have lost this turn into red mana after combat, so pressure can fuel the next burst of action.	This supports a combat-to-momentum example. It does not make all mana production or life loss inherently Red identity proof.	Automatically approved because certified identity claims, canonical card text, a bounded bridge, and exclusion of color-only reasoning pass the shared validator.	PENDING
cardrel_auto_vm650_g_1d725121_e50c_42f0_9128_56802f07c89e	G	Selvala, Heart of the Wilds	Selvala rewards a new creature that is bigger than every other creature, then turns your greatest power into mana.	green_claim_0004;green_claim_0006;green_claim_0007	MONO-G-2015;MONO-G-2025;MECH-CP-2021;MECH-CP-2021-CHG	data/scryfall/raw/oracle-cards.json#oracle_id=812856be-cf51-42de-96d2-4ac91e71d442	docs/research/vm650-three-plays-completion.md#mono-source-inputs: Selvala rewards a new creature that is bigger than every other creature, then turns your greatest power into mana.	This is a creature-scale-and-mana example. It does not make size, mana, or any Elf independently a complete Green reading.	Automatically approved because certified identity claims, canonical card text, a bounded bridge, and exclusion of color-only reasoning pass the shared validator.	PENDING
cardrel_auto_vm650_g_761021ce_4559_464e_aa03_85c2fe78e267	G	Rishkar, Peema Renegade	Rishkar grows up to two creatures, then lets every creature you have with a counter help produce green mana.	green_claim_0003;green_claim_0004;green_claim_0007	MONO-G-2015;MONO-G-2025;MECH-CP-2021;MECH-CP-2021-CHG	data/scryfall/raw/oracle-cards.json#oracle_id=88f4aecc-b728-4960-8131-1e5aa6c3c030	docs/research/vm650-three-plays-completion.md#mono-source-inputs: Rishkar grows up to two creatures, then lets every creature you have with a counter help produce green mana.	This supports a narrow growth-into-shared-mana example. It does not make every counter engine or mana creature a complete Green reading.	Automatically approved because certified identity claims, canonical card text, a bounded bridge, and exclusion of color-only reasoning pass the shared validator.	PENDING
cardrel_auto_vm650_wu_81ba3a33_0e04_4f68_9a42_1dd717733b57	WU	Lavinia, Azorius Renegade	Lavinia sets a public limit on oversized noncreature spells and counters a spell cast without mana.	azorius_senate_claim_005	src_wotc_flavorful_guide_ravnica_allegiance_2019;src_mtg_stories_the_gathering_storm_chapter_3_c2a81b82;src_mtg_stories_rallying_the_reluctant_d21b8009;src_mtg_stories_ashes_6ede4fea;src_mtg_stories_desperate_operatives_6c6a580b;src_mtg_stories_fblthp_e26059d7	data/scryfall/raw/oracle-cards.json#oracle_id=81ba3a33-0e04-4f68-9a42-1dd717733b57	docs/research/vm650-three-plays-completion.md#new-plays-source-records: Lavinia sets a public limit on oversized noncreature spells and counters a spell cast without mana.	This is a bounded mechanical example for the certified Azorius Senate relationship. It does not make the card's colors, type, or one shared mechanic independently decisive.	Automatically approved because certified identity claims, canonical card text, a bounded bridge, and exclusion of color-only reasoning pass the shared validator.	PENDING
cardrel_auto_vm650_ub_2ee87667_ec9d_4ced_b7e6_df3fd18b0ed6	UB	Etrata, the Silencer	Etrata cannot be blocked, exiles a target creature the struck player controls with a hit counter, then her owner shuffles her into their library.	house_dimir_claim_001	src_wotc_flavorful_guide_guilds_ravnica_2018;src_wotc_guilds_ravnica_mechanics_2018	data/scryfall/raw/oracle-cards.json#oracle_id=2ee87667-ec9d-4ced-b7e6-df3fd18b0ed6	docs/research/vm650-three-plays-completion.md#new-plays-source-records: Etrata cannot be blocked, exiles a target creature the struck player controls with a hit counter, then her owner shuffles her into their library.	This is a bounded mechanical example for the certified House Dimir relationship. It does not make the card's colors, type, or one shared mechanic independently decisive.	Automatically approved because certified identity claims, canonical card text, a bounded bridge, and exclusion of color-only reasoning pass the shared validator.	PENDING
cardrel_auto_vm650_ub_c75e55f2_fd6c_4816_9d96_21eeb8369aff	UB	The Scarab God	The Scarab God turns a target creature card in a graveyard into a 4/4 Zombie token copy.	house_dimir_claim_001	src_wotc_flavorful_guide_guilds_ravnica_2018;src_wotc_guilds_ravnica_mechanics_2018	data/scryfall/raw/oracle-cards.json#oracle_id=c75e55f2-fd6c-4816-9d96-21eeb8369aff	docs/research/vm650-three-plays-completion.md#new-plays-source-records: The Scarab God turns a target creature card in a graveyard into a 4/4 Zombie token copy.	This is a bounded mechanical example for the certified House Dimir relationship. It does not make the card's colors, type, or one shared mechanic independently decisive.	Automatically approved because certified identity claims, canonical card text, a bounded bridge, and exclusion of color-only reasoning pass the shared validator.	PENDING
cardrel_auto_vm650_br_1e9b0fd6_5aae_401a_8df5_d94ce6442696	BR	Prosper, Tome-Bound	Prosper exiles the top card of your library for a limited play window and makes a Treasure whenever you play a card from exile.	cult_of_rakdos_claim_001	src_wotc_flavorful_guide_ravnica_allegiance_2019;src_wotc_ravnica_allegiance_mechanics_2018	data/scryfall/raw/oracle-cards.json#oracle_id=1e9b0fd6-5aae-401a-8df5-d94ce6442696	docs/research/vm650-three-plays-completion.md#new-plays-source-records: Prosper exiles the top card of your library for a limited play window and makes a Treasure whenever you play a card from exile.	This is a bounded mechanical example for the certified Cult of Rakdos relationship. It does not make the card's colors, type, or one shared mechanic independently decisive.	Automatically approved because certified identity claims, canonical card text, a bounded bridge, and exclusion of color-only reasoning pass the shared validator.	PENDING
cardrel_auto_vm650_wg_c65ba242_3369_48a9_864f_1b1f85238f67	WG	Emmara, Soul of the Accord	Whenever Emmara becomes tapped, she creates a 1/1 lifelink Soldier token.	selesnya_conclave_claim_005	src_wotc_flavorful_guide_guilds_ravnica_2018;src_wotc_guilds_ravnica_mechanics_2018;src_wotc_guilds_ravnica_prerelease_primer_2018	data/scryfall/raw/oracle-cards.json#oracle_id=c65ba242-3369-48a9-864f-1b1f85238f67	docs/research/vm650-three-plays-completion.md#new-plays-source-records: Whenever Emmara becomes tapped, she creates a 1/1 lifelink Soldier token.	This is a bounded mechanical example for the certified Selesnya Conclave relationship. It does not make the card's colors, type, or one shared mechanic independently decisive.	Automatically approved because certified identity claims, canonical card text, a bounded bridge, and exclusion of color-only reasoning pass the shared validator.	PENDING
cardrel_auto_vm650_wg_0fc64fd6_f057_4056_9dca_47accb7ff036	WG	Sythis, Harvest's Hand	Each enchantment you cast gains you 1 life and draws a card.	selesnya_conclave_claim_005	src_wotc_flavorful_guide_guilds_ravnica_2018;src_wotc_guilds_ravnica_mechanics_2018;src_wotc_guilds_ravnica_prerelease_primer_2018	data/scryfall/raw/oracle-cards.json#oracle_id=0fc64fd6-f057-4056-9dca-47accb7ff036	docs/research/vm650-three-plays-completion.md#new-plays-source-records: Each enchantment you cast gains you 1 life and draws a card.	This is a bounded mechanical example for the certified Selesnya Conclave relationship. It does not make the card's colors, type, or one shared mechanic independently decisive.	Automatically approved because certified identity claims, canonical card text, a bounded bridge, and exclusion of color-only reasoning pass the shared validator.	PENDING
cardrel_auto_vm650_bg_a5e54d2b_aad8_4ddd_af4b_13668913762b	BG	The Gitrog Monster	The Gitrog Monster trades a land to survive, permits an extra land play, and draws a card when one or more land cards reach your graveyard.	golgari_swarm_claim_001	src_wotc_flavorful_guide_guilds_ravnica_2018;src_wotc_guilds_ravnica_mechanics_2018;src_wotc_guilds_ravnica_prerelease_primer_2018	data/scryfall/raw/oracle-cards.json#oracle_id=a5e54d2b-aad8-4ddd-af4b-13668913762b	docs/research/vm650-three-plays-completion.md#new-plays-source-records: The Gitrog Monster trades a land to survive, permits an extra land play, and draws a card when one or more land cards reach your graveyard.	This is a bounded mechanical example for the certified Golgari Swarm relationship. It does not make the card's colors, type, or one shared mechanic independently decisive.	Automatically approved because certified identity claims, canonical card text, a bounded bridge, and exclusion of color-only reasoning pass the shared validator.	PENDING
cardrel_auto_vm650_bg_0310dfdb_0498_488d_9f1a_279f8239e024	BG	Meren of Clan Nel Toth	When another creature you control dies, Meren gives you experience, then returns a creature card from your graveyard at end step when experience permits.	golgari_swarm_claim_001	src_wotc_flavorful_guide_guilds_ravnica_2018;src_wotc_guilds_ravnica_mechanics_2018;src_wotc_guilds_ravnica_prerelease_primer_2018	data/scryfall/raw/oracle-cards.json#oracle_id=0310dfdb-0498-488d-9f1a-279f8239e024	docs/research/vm650-three-plays-completion.md#new-plays-source-records: When another creature you control dies, Meren gives you experience, then returns a creature card from your graveyard at end step when experience permits.	This is a bounded mechanical example for the certified Golgari Swarm relationship. It does not make the card's colors, type, or one shared mechanic independently decisive.	Automatically approved because certified identity claims, canonical card text, a bounded bridge, and exclusion of color-only reasoning pass the shared validator.	PENDING
cardrel_auto_vm650_ug_0715e860_3b3b_4331_9718_207973e94fee	UG	Tatyova, Benthic Druid	Whenever a land you control enters, Tatyova gains you 1 life and draws a card.	simic_combine_claim_005	src_wotc_flavorful_guide_ravnica_allegiance_2019;src_wotc_ravnica_allegiance_mechanics_2018	data/scryfall/raw/oracle-cards.json#oracle_id=0715e860-3b3b-4331-9718-207973e94fee	docs/research/vm650-three-plays-completion.md#new-plays-source-records: Whenever a land you control enters, Tatyova gains you 1 life and draws a card.	This is a bounded mechanical example for the certified Simic Combine relationship. It does not make the card's colors, type, or one shared mechanic independently decisive.	Automatically approved because certified identity claims, canonical card text, a bounded bridge, and exclusion of color-only reasoning pass the shared validator.	PENDING
cardrel_auto_vm650_ug_6202d1cf_5359_4783_846d_7f35460e42b4	UG	Momir Vig, Simic Visionary	Green creature spells set up a creature card on top of your library, while blue creature spells can draw that creature.	simic_combine_claim_005	src_wotc_flavorful_guide_ravnica_allegiance_2019;src_wotc_ravnica_allegiance_mechanics_2018	data/scryfall/raw/oracle-cards.json#oracle_id=6202d1cf-5359-4783-846d-7f35460e42b4	docs/research/vm650-three-plays-completion.md#new-plays-source-records: Green creature spells set up a creature card on top of your library, while blue creature spells can draw that creature.	This is a bounded mechanical example for the certified Simic Combine relationship. It does not make the card's colors, type, or one shared mechanic independently decisive.	Automatically approved because certified identity claims, canonical card text, a bounded bridge, and exclusion of color-only reasoning pass the shared validator.	PENDING
cardrel_auto_vm650_prismari_9a8f6e5e_6cde_49df_861c_a26cb09c9b12	PRISMARI	Muddle, the Ever-Changing	Casting an instant or sorcery lets Muddle become a copy of a target nonlegendary creature you control with myriad until end of turn.	prismari_claim_002	src_wotc_planeswalkers_guide_strixhaven_2021;src_wotc_planeswalkers_guide_secrets_strixhaven_2026;src_wotc_secrets_strixhaven_commander_decklists_20260401	data/scryfall/raw/oracle-cards.json#oracle_id=9a8f6e5e-6cde-49df-861c-a26cb09c9b12	docs/research/vm650-three-plays-completion.md#new-plays-source-records: Casting an instant or sorcery lets Muddle become a copy of a target nonlegendary creature you control with myriad until end of turn.	This is a bounded mechanical example for the certified Prismari College relationship. It does not make the card's colors, type, or one shared mechanic independently decisive.	Automatically approved because certified identity claims, canonical card text, a bounded bridge, and exclusion of color-only reasoning pass the shared validator.	PENDING
cardrel_auto_vm650_quandrix_65fb0e20_61f8_4c61_bc08_7f6f718ee9ee	QUANDRIX	Primo, the Unbounded	Primo enters with twice X +1/+1 counters, and base-power-0 creatures that deal combat damage create Fractals with counters equal to that damage.	quandrix_claim_002	src_wotc_planeswalkers_guide_strixhaven_2021;src_wotc_planeswalkers_guide_secrets_strixhaven_2026;src_wotc_secrets_strixhaven_commander_decklists_20260401	data/scryfall/raw/oracle-cards.json#oracle_id=65fb0e20-61f8-4c61-bc08-7f6f718ee9ee	docs/research/vm650-three-plays-completion.md#new-plays-source-records: Primo enters with twice X +1/+1 counters, and base-power-0 creatures that deal combat damage create Fractals with counters equal to that damage.	This is a bounded mechanical example for the certified Quandrix College relationship. It does not make the card's colors, type, or one shared mechanic independently decisive.	Automatically approved because certified identity claims, canonical card text, a bounded bridge, and exclusion of color-only reasoning pass the shared validator.	PENDING
cardrel_auto_vm650_silverquill_9c54bd34_667d_415c_ad26_82e0eb0ff409	SILVERQUILL	Killian, Decisive Mentor	Your enchantments entering can tap and goad a target creature, while Aura-enchanted attackers draw you a card.	silverquill_claim_001	src_wotc_planeswalkers_guide_strixhaven_2021;src_wotc_strixhaven_product_page_2021;src_wotc_planeswalkers_guide_secrets_strixhaven_2026	data/scryfall/raw/oracle-cards.json#oracle_id=9c54bd34-667d-415c-ad26-82e0eb0ff409	docs/research/vm650-three-plays-completion.md#new-plays-source-records: Your enchantments entering can tap and goad a target creature, while Aura-enchanted attackers draw you a card.	This is a bounded mechanical example for the certified Silverquill College relationship. It does not make the card's colors, type, or one shared mechanic independently decisive.	Automatically approved because certified identity claims, canonical card text, a bounded bridge, and exclusion of color-only reasoning pass the shared validator.	PENDING
cardrel_auto_vm650_witherbloom_ae5f30cc_a22e_4fbb_9510_e9429de3623c	WITHERBLOOM	Gorma, the Gullet	Each other creature you control dying grows Gorma and makes later nontoken creatures enter with extra counters for deaths that turn.	witherbloom_claim_0019	src_wotc_planeswalkers_guide_strixhaven_2021;src_wotc_planeswalkers_guide_secrets_strixhaven_2026	data/scryfall/raw/oracle-cards.json#oracle_id=ae5f30cc-a22e-4fbb-9510-e9429de3623c	docs/research/vm650-three-plays-completion.md#new-plays-source-records: Each other creature you control dying grows Gorma and makes later nontoken creatures enter with extra counters for deaths that turn.	This is a bounded mechanical example for the certified Witherbloom College relationship. It does not make the card's colors, type, or one shared mechanic independently decisive.	Automatically approved because certified identity claims, canonical card text, a bounded bridge, and exclusion of color-only reasoning pass the shared validator.	PENDING
cardrel_auto_vm650_bant_ebf7ce9b_9e5e_4557_9e28_76556997f0ee	BANT	Chulane, Teller of Tales	Casting a creature draws a card and may put a land from your hand onto the battlefield; Chulane can return a creature you control to its owner's hand.	bant_claim_0006	src_vm_bant_evidence_ledger_20260528;src_vm_bant_manual_fill_20260529	data/scryfall/raw/oracle-cards.json#oracle_id=ebf7ce9b-9e5e-4557-9e28-76556997f0ee	docs/research/vm650-three-plays-completion.md#new-plays-source-records: Casting a creature draws a card and may put a land from your hand onto the battlefield; Chulane can return a creature you control to its owner's hand.	This is a bounded mechanical example for the certified Bant relationship. It does not make the card's colors, type, or one shared mechanic independently decisive.	Automatically approved because certified identity claims, canonical card text, a bounded bridge, and exclusion of color-only reasoning pass the shared validator.	PENDING
cardrel_auto_vm650_bant_afa49a09_146f_4439_850e_dd1938c93cef	BANT	Derevi, Empyrial Tactician	Derevi entering or one of your creatures dealing combat damage lets you tap or untap a target permanent.	bant_claim_0006	src_vm_bant_evidence_ledger_20260528;src_vm_bant_manual_fill_20260529	data/scryfall/raw/oracle-cards.json#oracle_id=afa49a09-146f-4439-850e-dd1938c93cef	docs/research/vm650-three-plays-completion.md#new-plays-source-records: Derevi entering or one of your creatures dealing combat damage lets you tap or untap a target permanent.	This is a bounded mechanical example for the certified Bant relationship. It does not make the card's colors, type, or one shared mechanic independently decisive.	Automatically approved because certified identity claims, canonical card text, a bounded bridge, and exclusion of color-only reasoning pass the shared validator.	PENDING
cardrel_auto_vm650_esper_bf45f5ee_4d5f_4920_b612_b5492c2f035d	ESPER	Aminatou, Veil Piercer	Aminatou surveils 2 each upkeep and gives enchantment cards in your hand miracle at four less mana.	esper_claim_0003	src_vm_esper_evidence_ledger_20260529;src_wotc_rosewater_esper_striving_for_perfection	data/scryfall/raw/oracle-cards.json#oracle_id=bf45f5ee-4d5f-4920-b612-b5492c2f035d	docs/research/vm650-three-plays-completion.md#new-plays-source-records: Aminatou surveils 2 each upkeep and gives enchantment cards in your hand miracle at four less mana.	This is a bounded mechanical example for the certified Esper relationship. It does not make the card's colors, type, or one shared mechanic independently decisive.	Automatically approved because certified identity claims, canonical card text, a bounded bridge, and exclusion of color-only reasoning pass the shared validator.	PENDING
cardrel_auto_vm650_esper_620ff5f2_7d3f_467f_943d_3b62c2135023	ESPER	Oloro, Ageless Ascetic	Oloro gains you life each upkeep, including from the command zone, and your life gain can become a card for a payment while each opponent loses 1 life.	esper_claim_0003	src_vm_esper_evidence_ledger_20260529;src_wotc_rosewater_esper_striving_for_perfection	data/scryfall/raw/oracle-cards.json#oracle_id=620ff5f2-7d3f-467f-943d-3b62c2135023	docs/research/vm650-three-plays-completion.md#new-plays-source-records: Oloro gains you life each upkeep, including from the command zone, and your life gain can become a card for a payment while each opponent loses 1 life.	This is a bounded mechanical example for the certified Esper relationship. It does not make the card's colors, type, or one shared mechanic independently decisive.	Automatically approved because certified identity claims, canonical card text, a bounded bridge, and exclusion of color-only reasoning pass the shared validator.	PENDING
cardrel_auto_vm650_grixis_a014f283_c531_415c_ac00_e6773ea5d64d	GRIXIS	Jeleva, Nephalia's Scourge	Jeleva exiles cards from every player's library when she enters and can cast an instant or sorcery exiled with her for free when she attacks.	grixis_claim_0003	src_vm_grixis_evidence_ledger_20260530;src_wotc_rosewater_grixis_looking_out_for_number_one	data/scryfall/raw/oracle-cards.json#oracle_id=a014f283-c531-415c-ac00-e6773ea5d64d	docs/research/vm650-three-plays-completion.md#new-plays-source-records: Jeleva exiles cards from every player's library when she enters and can cast an instant or sorcery exiled with her for free when she attacks.	This is a bounded mechanical example for the certified Grixis relationship. It does not make the card's colors, type, or one shared mechanic independently decisive.	Automatically approved because certified identity claims, canonical card text, a bounded bridge, and exclusion of color-only reasoning pass the shared validator.	PENDING
cardrel_auto_vm650_grixis_d3c3f293_6790_4dce_900a_8af0464c2572	GRIXIS	Anhelo, the Painter	The first instant or sorcery you cast each turn has casualty 2, letting you sacrifice a creature with power 2 or greater to copy it.	grixis_claim_0003	src_vm_grixis_evidence_ledger_20260530;src_wotc_rosewater_grixis_looking_out_for_number_one	data/scryfall/raw/oracle-cards.json#oracle_id=d3c3f293-6790-4dce-900a-8af0464c2572	docs/research/vm650-three-plays-completion.md#new-plays-source-records: The first instant or sorcery you cast each turn has casualty 2, letting you sacrifice a creature with power 2 or greater to copy it.	This is a bounded mechanical example for the certified Grixis relationship. It does not make the card's colors, type, or one shared mechanic independently decisive.	Automatically approved because certified identity claims, canonical card text, a bounded bridge, and exclusion of color-only reasoning pass the shared validator.	PENDING
cardrel_auto_vm650_jund_5320f5a6_8066_47d4_aa0a_4c879f39d413	JUND	Henzie "Toolbox" Torre	Creature spells with mana value 4 or greater gain blitz, so they can be cast for haste, draw on death, and sacrifice at the next end step.	jund_claim_0005	src_wotc_rosewater_jund_following_your_heart;src_vm_jund_evidence_ledger_20260530;src_vm_jund_reliability_audit_20260530	data/scryfall/raw/oracle-cards.json#oracle_id=5320f5a6-8066-47d4-aa0a-4c879f39d413	docs/research/vm650-three-plays-completion.md#new-plays-source-records: Creature spells with mana value 4 or greater gain blitz, so they can be cast for haste, draw on death, and sacrifice at the next end step.	This is a bounded mechanical example for the certified Jund relationship. It does not make the card's colors, type, or one shared mechanic independently decisive.	Automatically approved because certified identity claims, canonical card text, a bounded bridge, and exclusion of color-only reasoning pass the shared validator.	PENDING
cardrel_auto_vm650_jund_38a55562_1e2d_4240_9454_219a4a25d38d	JUND	Lord Windgrace	Lord Windgrace can discard a land for an additional card, then return up to two target land cards from your graveyard to the battlefield.	jund_claim_0005	src_wotc_rosewater_jund_following_your_heart;src_vm_jund_evidence_ledger_20260530;src_vm_jund_reliability_audit_20260530	data/scryfall/raw/oracle-cards.json#oracle_id=38a55562-1e2d-4240-9454-219a4a25d38d	docs/research/vm650-three-plays-completion.md#new-plays-source-records: Lord Windgrace can discard a land for an additional card, then return up to two target land cards from your graveyard to the battlefield.	This is a bounded mechanical example for the certified Jund relationship. It does not make the card's colors, type, or one shared mechanic independently decisive.	Automatically approved because certified identity claims, canonical card text, a bounded bridge, and exclusion of color-only reasoning pass the shared validator.	PENDING
cardrel_auto_vm650_naya_4252d7f4_c582_4a21_b3af_829c84cb0b09	NAYA	Godsire	Godsire pairs an 8/8 body with an activated ability that creates another 8/8 red, green, and white Beast token.	naya_claim_0003	src_vm_naya_evidence_ledger_20260530;src_wotc_rosewater_naya_searching_within	data/scryfall/raw/oracle-cards.json#oracle_id=4252d7f4-c582-4a21-b3af-829c84cb0b09	docs/research/vm650-three-plays-completion.md#new-plays-source-records: Godsire pairs an 8/8 body with an activated ability that creates another 8/8 red, green, and white Beast token.	This is a bounded large-creature and abundance example for the certified Naya relationship. It does not make the card’s colors, type, or token creation independently decisive.	Automatically approved because certified identity claims, canonical card text, a bounded bridge, and exclusion of color-only reasoning pass the shared validator.	PENDING
cardrel_auto_vm650_naya_fae87115_8749_4d25_a594_7139dd01a034	NAYA	Marath, Will of the Wild	Marath stores the mana spent to cast it as counters, then can turn those counters into creature growth, damage, or an Elemental token.	naya_claim_0003	src_vm_naya_evidence_ledger_20260530;src_wotc_rosewater_naya_searching_within	data/scryfall/raw/oracle-cards.json#oracle_id=fae87115-8749-4d25-a594-7139dd01a034	docs/research/vm650-three-plays-completion.md#new-plays-source-records: Marath stores the mana spent to cast it as counters, then can turn those counters into creature growth, damage, or an Elemental token.	This is a bounded mechanical example for the certified Naya relationship. It does not make the card's colors, type, or one shared mechanic independently decisive.	Automatically approved because certified identity claims, canonical card text, a bounded bridge, and exclusion of color-only reasoning pass the shared validator.	PENDING
cardrel_auto_vm650_abzan_990b5e12_6e04_4832_9d64_87278f12cbda	ABZAN	Betor, Ancestor's Voice	At your end step, Betor turns life gained into counters on another creature and life lost into a return of a creature card from your graveyard.	abzan_claim_0002	src_vm_abzan_evidence_ledger_20260531;src_wotc_rosewater_abzan_we_will_survive;src_wotc_tarkir_dragonstorm_commander_decklists_20250325	data/scryfall/raw/oracle-cards.json#oracle_id=990b5e12-6e04-4832-9d64-87278f12cbda	docs/research/vm650-three-plays-completion.md#new-plays-source-records: At your end step, Betor turns life gained into counters on another creature and life lost into a return of a creature card from your graveyard.	This is a bounded mechanical example for the certified Abzan Houses relationship. It does not make the card's colors, type, or one shared mechanic independently decisive.	Automatically approved because certified identity claims, canonical card text, a bounded bridge, and exclusion of color-only reasoning pass the shared validator.	PENDING
cardrel_auto_vm650_temur_99c2d3ef_e5b4_48cd_b3f5_de9b02c7c36a	TEMUR	Ureni of the Unwritten	When Ureni enters or attacks, it looks eight cards deep and can put a Dragon from among them onto the battlefield.	temur_claim_0002	src_vm_temur_evidence_ledger_20260531;src_wotc_rosewater_temur_what_doesnt_kill_you;src_wotc_tarkir_dragonstorm_commander_decklists_20250325	data/scryfall/raw/oracle-cards.json#oracle_id=99c2d3ef-e5b4-48cd-b3f5-de9b02c7c36a	docs/research/vm650-three-plays-completion.md#new-plays-source-records: When Ureni enters or attacks, it looks eight cards deep and can put a Dragon from among them onto the battlefield.	This is a bounded mechanical example for the certified Temur Frontier relationship. It does not make the card's colors, type, or one shared mechanic independently decisive.	Automatically approved because certified identity claims, canonical card text, a bounded bridge, and exclusion of color-only reasoning pass the shared validator.	PENDING
cardrel_auto_vm650_sultai_c8cbf0ec_ec98_4cb3_8068_60e92bbd740d	SULTAI	Teval, the Balanced Scale	When Teval attacks, it mills three cards and may return a land from your graveyard; cards leaving your graveyard create Zombie Druids.	sultai_claim_0002	src_vm_sultai_evidence_ledger_20260531;src_wotc_rosewater_sultai_whatever_it_takes;src_wotc_tarkir_dragonstorm_commander_decklists_20250325	data/scryfall/raw/oracle-cards.json#oracle_id=c8cbf0ec-ec98-4cb3-8068-60e92bbd740d	docs/research/vm650-three-plays-completion.md#new-plays-source-records: When Teval attacks, it mills three cards and may return a land from your graveyard; cards leaving your graveyard create Zombie Druids.	This is a bounded mechanical example for the certified Sultai Brood relationship. It does not make the card's colors, type, or one shared mechanic independently decisive.	Automatically approved because certified identity claims, canonical card text, a bounded bridge, and exclusion of color-only reasoning pass the shared validator.	PENDING
cardrel_auto_vm650_mardu_41e2790d_49f5_4e98_b8d9_04179f47f13a	MARDU	Edgar Markov	Casting another Vampire creates a Vampire token while Edgar is in the command zone or on the battlefield, and attacking grows each Vampire.	mardu_claim_0002	src_vm_mardu_evidence_ledger_20260531;src_wotc_rosewater_mardu_finishing_first;src_wotc_tarkir_dragonstorm_commander_decklists_20250325	data/scryfall/raw/oracle-cards.json#oracle_id=41e2790d-49f5-4e98-b8d9-04179f47f13a	docs/research/vm650-three-plays-completion.md#new-plays-source-records: Casting another Vampire creates a Vampire token while Edgar is in the command zone or on the battlefield, and attacking grows each Vampire.	This is a bounded mechanical example for the certified Mardu Horde relationship. It does not make the card's colors, type, or one shared mechanic independently decisive.	Automatically approved because certified identity claims, canonical card text, a bounded bridge, and exclusion of color-only reasoning pass the shared validator.	PENDING
cardrel_auto_vm650_mardu_65114758_9a75_43a7_96e8_0aa68faa6b24	MARDU	Isshin, Two Heavens as One	Attack-triggered abilities of your permanents trigger an additional time when a creature attacking caused them to trigger.	mardu_claim_0002	src_vm_mardu_evidence_ledger_20260531;src_wotc_rosewater_mardu_finishing_first;src_wotc_tarkir_dragonstorm_commander_decklists_20250325	data/scryfall/raw/oracle-cards.json#oracle_id=65114758-9a75-43a7-96e8-0aa68faa6b24	docs/research/vm650-three-plays-completion.md#new-plays-source-records: Attack-triggered abilities of your permanents trigger an additional time when a creature attacking caused them to trigger.	This is a bounded mechanical example for the certified Mardu Horde relationship. It does not make the card's colors, type, or one shared mechanic independently decisive.	Automatically approved because certified identity claims, canonical card text, a bounded bridge, and exclusion of color-only reasoning pass the shared validator.	PENDING
cardrel_auto_vm650_jeskai_b2d4ce3c_00b1_4a72_b652_4c129475080f	JESKAI	Kasla, the Broken Halo	Kasla has convoke, and casting another spell with convoke lets you scry 2 then draw a card.	jeskai_claim_0002	src_vm_jeskai_evidence_ledger_20260531;src_wotc_rosewater_jeskai_smart_thinking;src_wotc_tarkir_dragonstorm_commander_decklists_20250325	data/scryfall/raw/oracle-cards.json#oracle_id=b2d4ce3c-00b1-4a72-b652-4c129475080f	docs/research/vm650-three-plays-completion.md#new-plays-source-records: Kasla has convoke, and casting another spell with convoke lets you scry 2 then draw a card.	This is a bounded mechanical example for the certified Jeskai Way relationship. It does not make the card's colors, type, or one shared mechanic independently decisive.	Automatically approved because certified identity claims, canonical card text, a bounded bridge, and exclusion of color-only reasoning pass the shared validator.	PENDING
cardrel_auto_vm650_jeskai_71a80491_eea2_4661_9446_26a87efbf4a8	JESKAI	Kykar, Wind's Fury	Casting a noncreature spell creates a flying Spirit, and sacrificing a Spirit adds red mana.	jeskai_claim_0002	src_vm_jeskai_evidence_ledger_20260531;src_wotc_rosewater_jeskai_smart_thinking;src_wotc_tarkir_dragonstorm_commander_decklists_20250325	data/scryfall/raw/oracle-cards.json#oracle_id=71a80491-eea2-4661-9446-26a87efbf4a8	docs/research/vm650-three-plays-completion.md#new-plays-source-records: Casting a noncreature spell creates a flying Spirit, and sacrificing a Spirit adds red mana.	This is a bounded mechanical example for the certified Jeskai Way relationship. It does not make the card's colors, type, or one shared mechanic independently decisive.	Automatically approved because certified identity claims, canonical card text, a bounded bridge, and exclusion of color-only reasoning pass the shared validator.	PENDING
cardrel_auto_vm650_colorless_798a4a6f_7443_4e8e_afcb_0a694fdfcbb3	COLORLESS	Liberator, Urza's Battlethopter	Liberator lets you cast colorless and artifact spells as though they had flash, and a spell cast with mana greater than its power grows it.	colorless_claim_0005	COLORLESS-SRC-018;COLORLESS-CANON-001;COLORLESS-SCOPE-005	data/scryfall/raw/oracle-cards.json#oracle_id=798a4a6f-7443-4e8e-afcb-0a694fdfcbb3	docs/research/vm650-three-plays-completion.md#new-plays-source-records: Liberator lets you cast colorless and artifact spells as though they had flash, and a spell cast with mana greater than its power grows it.	This is a bounded mechanical example for the certified Colorless relationship. It does not make the card's colors, type, or one shared mechanic independently decisive.	Automatically approved because certified identity claims, canonical card text, a bounded bridge, and exclusion of color-only reasoning pass the shared validator.	PENDING
cardrel_auto_vm650_wubrg_87b22b09_4f6d_4bc5_9cfc_663e4c7c6981	WUBRG	The Ur-Dragon	The Ur-Dragon reduces other Dragon spells from the command zone or battlefield, and attacking with Dragons draws that many cards then may put a permanent from your hand onto the battlefield.	wubrg_claim_0002	WUBRG-OFF-001;WUBRG-LOCAL-001;WUBRG-SCOPE-001;WUBRG-SCOPE-002;WUBRG-CANON-001	data/scryfall/raw/oracle-cards.json#oracle_id=87b22b09-4f6d-4bc5-9cfc-663e4c7c6981	docs/research/vm650-three-plays-completion.md#new-plays-source-records: The Ur-Dragon reduces other Dragon spells from the command zone or battlefield, and attacking with Dragons draws that many cards then may put a permanent from your hand onto the battlefield.	This is a bounded mechanical example for the certified Five-Color / WUBRG relationship. It does not make the card's colors, type, or one shared mechanic independently decisive.	Automatically approved because certified identity claims, canonical card text, a bounded bridge, and exclusion of color-only reasoning pass the shared validator.	PENDING
cardrel_auto_vm650_wubrg_0d59f010_9669_4ad2_9ae9_cd88b85f282c	WUBRG	Sliver Gravemother	Sliver creature cards in your graveyard have encore, creating a hasty token copy for each opponent when activated.	wubrg_claim_0002	WUBRG-OFF-001;WUBRG-LOCAL-001;WUBRG-SCOPE-001;WUBRG-SCOPE-002;WUBRG-CANON-001	data/scryfall/raw/oracle-cards.json#oracle_id=0d59f010-9669-4ad2-9ae9-cd88b85f282c	docs/research/vm650-three-plays-completion.md#new-plays-source-records: Sliver creature cards in your graveyard have encore, creating a hasty token copy for each opponent when activated.	This is a bounded mechanical example for the certified Five-Color / WUBRG relationship. It does not make the card's colors, type, or one shared mechanic independently decisive.	Automatically approved because certified identity claims, canonical card text, a bounded bridge, and exclusion of color-only reasoning pass the shared validator.	PENDING
