identity	canonical_card_name	canonical_card_id	current_source_pool	relationship_class	certified_identity_claim_ids	exact_card_facts	relationship_evidence	source_ids	exact_source_locators	baseline_disposition	current_disposition	limitation	public_rationale	owner_decision	display_priority
W	Giada, Font of Hope	48e6d3d8-2f27-4017-acdd-40bce8cdbc02	data/raw-factions/white/white.profile.json#/commander_compass/native_fit_commanders/0	APPROVED_COMMANDER_GUIDANCE_CANDIDATE		Legendary Creature — Angel; CI=W; oracle_id=48e6d3d8-2f27-4017-acdd-40bce8cdbc02	Turns shared protection and ordered growth into a clean mono-white board plan.			EVIDENCE_NEEDED	EVIDENCE_NEEDED	Verified for name, mono-color identity, legendary creature type line, and Commander legality in Scryfall on 2026-06-13. This is support/navigation, not color philosophy evidence. You want the deck to center taxes or equipment instead of a creature board. Candidate uses missing, string-only, or incomplete claim/source provenance.	None	NOT_APPLICABLE	1
W	Adeline, Resplendent Cathar	38515f89-348b-4cf3-b7bd-1f6fe4ce2fba	data/raw-factions/white/white.profile.json#/commander_compass/native_fit_commanders/1	APPROVED_COMMANDER_GUIDANCE_CANDIDATE		Legendary Creature — Human Knight; CI=W; oracle_id=38515f89-348b-4cf3-b7bd-1f6fe4ce2fba	Makes White's belief in collective pressure visible immediately through bodies and combat.			EVIDENCE_NEEDED	EVIDENCE_NEEDED	Verified for name, mono-color identity, legendary creature type line, and Commander legality in Scryfall on 2026-06-13. This is support/navigation, not color philosophy evidence. You want a slower rules-and-taxes shell instead of a combat-focused table plan. Candidate uses missing, string-only, or incomplete claim/source provenance.	None	NOT_APPLICABLE	2
W	Balan, Wandering Knight	d12cfd46-73c2-4206-9a10-0d2e7d6ac87e	data/raw-factions/white/white.profile.json#/commander_compass/native_fit_commanders/2	APPROVED_COMMANDER_GUIDANCE_CANDIDATE		Legendary Creature — Cat Knight; CI=W; oracle_id=d12cfd46-73c2-4206-9a10-0d2e7d6ac87e	Channels White's disciplined protection into a single armored line that ends games cleanly.			EVIDENCE_NEEDED	EVIDENCE_NEEDED	Verified for name, mono-color identity, legendary creature type line, and Commander legality in Scryfall on 2026-06-13. This is support/navigation, not color philosophy evidence. You prefer broad board control to a focused equipment threat. Candidate uses missing, string-only, or incomplete claim/source provenance.	None	NOT_APPLICABLE	3
U	Talrand, Sky Summoner	ea1eb902-a23c-44ff-9169-19baf71de238	data/raw-factions/blue/blue.profile.json#/commander_compass/native_fit_commanders/0	APPROVED_COMMANDER_GUIDANCE_CANDIDATE		Legendary Creature — Merfolk Wizard; CI=U; oracle_id=ea1eb902-a23c-44ff-9169-19baf71de238	Turns Blue's patient instant-speed posture into a visible board of evasive threats.			EVIDENCE_NEEDED	EVIDENCE_NEEDED	Verified for name, mono-color identity, legendary creature type line, and Commander legality in Scryfall on 2026-06-13. This is support/navigation, not color philosophy evidence. You want hard artifact engines or wizard tribal more than spell-based token pressure. Candidate uses missing, string-only, or incomplete claim/source provenance.	None	NOT_APPLICABLE	1
U	Azami, Lady of Scrolls	0f8b97fe-3e5e-47c2-9a9d-7f77482aa159	data/raw-factions/blue/blue.profile.json#/commander_compass/native_fit_commanders/1	APPROVED_COMMANDER_GUIDANCE_CANDIDATE		Legendary Creature — Human Wizard; CI=U; oracle_id=0f8b97fe-3e5e-47c2-9a9d-7f77482aa159	Makes Blue's information advantage literal by turning a wizard board into cards.			EVIDENCE_NEEDED	EVIDENCE_NEEDED	Verified for name, mono-color identity, legendary creature type line, and Commander legality in Scryfall on 2026-06-13. This is support/navigation, not color philosophy evidence. You dislike tribal shells or want a lower-maintenance control commander. Candidate uses missing, string-only, or incomplete claim/source provenance.	None	NOT_APPLICABLE	2
U	Minn, Wily Illusionist	d4212d44-d6a0-4c5b-9c54-bc90f36828dd	data/raw-factions/blue/blue.profile.json#/commander_compass/native_fit_commanders/2	APPROVED_COMMANDER_GUIDANCE_CANDIDATE		Legendary Creature — Gnome Wizard; CI=U; oracle_id=d4212d44-d6a0-4c5b-9c54-bc90f36828dd	Rewards Blue's habit of drawing extra cards by turning information flow into board presence.			EVIDENCE_NEEDED	EVIDENCE_NEEDED	Verified for name, mono-color identity, legendary creature type line, and Commander legality in Scryfall on 2026-06-13. This is support/navigation, not color philosophy evidence. You want a classic counterspell deck instead of a draw-trigger creature plan. Candidate uses missing, string-only, or incomplete claim/source provenance.	None	NOT_APPLICABLE	3
B	K'rrik, Son of Yawgmoth	cbe3a4e7-5dbe-4f58-8ee6-a1762b65acfd	data/raw-factions/black/black.profile.json#/commander_compass/native_fit_commanders/0	APPROVED_COMMANDER_GUIDANCE_CANDIDATE		Legendary Creature — Phyrexian Horror Minion; CI=B; oracle_id=cbe3a4e7-5dbe-4f58-8ee6-a1762b65acfd	Makes Black's life-as-resource principle literal by turning life into black mana and momentum.			EVIDENCE_NEEDED	EVIDENCE_NEEDED	Verified for name, mono-color identity, legendary creature type line, and Commander legality in Scryfall on 2026-06-13. This is support/navigation, not color philosophy evidence. You want a slower control shell instead of a high-risk engine deck. Candidate uses missing, string-only, or incomplete claim/source provenance.	None	NOT_APPLICABLE	1
B	Ayara, First of Locthwain	388168b3-ec68-4af2-b88c-6a5ec88c15f6	data/raw-factions/black/black.profile.json#/commander_compass/native_fit_commanders/1	APPROVED_COMMANDER_GUIDANCE_CANDIDATE		Legendary Creature — Elf Noble; CI=B; oracle_id=388168b3-ec68-4af2-b88c-6a5ec88c15f6	Turns bodies into drain, cards, and repeatable exchange without leaving mono-black's center.			EVIDENCE_NEEDED	EVIDENCE_NEEDED	Verified for name, mono-color identity, legendary creature type line, and Commander legality in Scryfall on 2026-06-13. This is support/navigation, not color philosophy evidence. You dislike creature loops or sacrifice-based value engines. Candidate uses missing, string-only, or incomplete claim/source provenance.	None	NOT_APPLICABLE	2
B	Chainer, Dementia Master	cb905eb0-bb20-41c0-9695-0f5c71972561	data/raw-factions/black/black.profile.json#/commander_compass/native_fit_commanders/2	APPROVED_COMMANDER_GUIDANCE_CANDIDATE		Legendary Creature — Human Minion; CI=B; oracle_id=cb905eb0-bb20-41c0-9695-0f5c71972561	Uses life and mana to turn graveyards into an active board resource.			EVIDENCE_NEEDED	EVIDENCE_NEEDED	Verified for name, mono-color identity, legendary creature type line, and Commander legality in Scryfall on 2026-06-13. This is support/navigation, not color philosophy evidence. You want a low-maintenance creature deck rather than graveyard management. Candidate uses missing, string-only, or incomplete claim/source provenance.	None	NOT_APPLICABLE	3
R	Torbran, Thane of Red Fell	8c3495bf-02e7-4ad9-949d-92eb3d2b662a	data/raw-factions/red/red.profile.json#/commander_compass/native_fit_commanders/0	APPROVED_COMMANDER_GUIDANCE_CANDIDATE		Legendary Creature — Dwarf Noble; CI=R; oracle_id=8c3495bf-02e7-4ad9-949d-92eb3d2b662a	Makes Red's direct-action philosophy literal by turning every red damage source into a louder spark.			EVIDENCE_NEEDED	EVIDENCE_NEEDED	Verified for name, mono-color identity, legendary creature type line, and Commander legality in Scryfall on 2026-06-13. This is support/navigation, not color philosophy evidence. You want creature swarms or treasure engines more than damage math. Candidate uses missing, string-only, or incomplete claim/source provenance.	None	NOT_APPLICABLE	1
R	Krenko, Mob Boss	68418069-f615-40ef-ae0d-764192acae00	data/raw-factions/red/red.profile.json#/commander_compass/native_fit_commanders/1	APPROVED_COMMANDER_GUIDANCE_CANDIDATE		Legendary Creature — Goblin Warrior; CI=R; oracle_id=68418069-f615-40ef-ae0d-764192acae00	Turns one quick opening into a table-wide rush, keeping Red centered on momentum and immediate pressure.			EVIDENCE_NEEDED	EVIDENCE_NEEDED	Verified for name, mono-color identity, legendary creature type line, and Commander legality in Scryfall on 2026-06-13. This is support/navigation, not color philosophy evidence. You dislike creature combat or decks that announce their pressure early. Candidate uses missing, string-only, or incomplete claim/source provenance.	None	NOT_APPLICABLE	2
R	Magda, Brazen Outlaw	3d268e48-3004-4384-bf52-e63243fb5e02	data/raw-factions/red/red.profile.json#/commander_compass/native_fit_commanders/2	APPROVED_COMMANDER_GUIDANCE_CANDIDATE		Legendary Creature — Dwarf Berserker; CI=R; oracle_id=3d268e48-3004-4384-bf52-e63243fb5e02	Converts attack steps into temporary mana and immediate access without leaving mono-Red's action-first center.			EVIDENCE_NEEDED	EVIDENCE_NEEDED	Verified for name, mono-color identity, legendary creature type line, and Commander legality in Scryfall on 2026-06-13. This is support/navigation, not color philosophy evidence. You want a pure burn deck instead of a treasure-driven pressure engine. Candidate uses missing, string-only, or incomplete claim/source provenance.	None	NOT_APPLICABLE	3
G	Azusa, Lost but Seeking	6c2c8bf3-9bf8-4a86-89d3-3bb36260dc51	data/raw-factions/green/green.profile.json#/commander_compass/native_fit_commanders/0	APPROVED_COMMANDER_GUIDANCE_CANDIDATE		Legendary Creature — Human Monk; CI=G; oracle_id=6c2c8bf3-9bf8-4a86-89d3-3bb36260dc51	Makes Green's patience literal by turning extra land drops into steady, natural acceleration.			EVIDENCE_NEEDED	EVIDENCE_NEEDED	Verified for name, mono-color identity, legendary creature type line, and Commander legality in Scryfall on 2026-06-13. This is support/navigation, not color philosophy evidence. You want creature combat to be the first identity signal rather than lands and resource growth. Candidate uses missing, string-only, or incomplete claim/source provenance.	None	NOT_APPLICABLE	1
G	Selvala, Heart of the Wilds	1d725121-e50c-42f0-9128-56802f07c89e	data/raw-factions/green/green.profile.json#/commander_compass/native_fit_commanders/1	APPROVED_COMMANDER_GUIDANCE_CANDIDATE		Legendary Creature — Elf Scout; CI=G; oracle_id=1d725121-e50c-42f0-9128-56802f07c89e	Converts creature size into mana and cards, letting living scale become the resource engine.			EVIDENCE_NEEDED	EVIDENCE_NEEDED	Verified for name, mono-color identity, legendary creature type line, and Commander legality in Scryfall on 2026-06-13. This is support/navigation, not color philosophy evidence. You dislike decks that can become high-power mana engines quickly. Candidate uses missing, string-only, or incomplete claim/source provenance.	None	NOT_APPLICABLE	2
G	Goreclaw, Terror of Qal Sisma	befb211f-37ca-4083-98d4-9ff1f28be3f2	data/raw-factions/green/green.profile.json#/commander_compass/native_fit_commanders/2	APPROVED_COMMANDER_GUIDANCE_CANDIDATE		Legendary Creature — Bear; CI=G; oracle_id=befb211f-37ca-4083-98d4-9ff1f28be3f2	Keeps mono-Green centered on apex creatures, natural scale, and combat that follows from size.			EVIDENCE_NEEDED	EVIDENCE_NEEDED	Verified for name, mono-color identity, legendary creature type line, and Commander legality in Scryfall on 2026-06-13. This is support/navigation, not color philosophy evidence. You want landfall or card-draw engines more than creature-cost reduction and attacks. Candidate uses missing, string-only, or incomplete claim/source provenance.	None	NOT_APPLICABLE	3
WU	Isperia, Supreme Judge	c46718dc-24dc-4b77-b455-aa4c89570b8d	data/raw-factions/azorius_senate/azorius_senate.profile.json#/commander_compass/native_fit_commanders/0	APPROVED_COMMANDER_GUIDANCE_CANDIDATE	azorius_senate_claim_005	Legendary Creature — Sphinx; CI=WU; oracle_id=c46718dc-24dc-4b77-b455-aa4c89570b8d	Directly represents the guild's leadership and punishes those who dare attack the law (you).	src_wotc_flavorful_guide_ravnica_allegiance_2019;src_mtg_stories_the_gathering_storm_chapter_3_c2a81b82;src_mtg_stories_rallying_the_reluctant_d21b8009;src_mtg_stories_ashes_6ede4fea;src_mtg_stories_desperate_operatives_6c6a580b;src_mtg_stories_fblthp_e26059d7	src_wotc_flavorful_guide_ravnica_allegiance_2019=https://magic.wizards.com/en/news/feature/flavorful-guide-guilds-ravnica-allegiance-2019-02-07;src_mtg_stories_the_gathering_storm_chapter_3_c2a81b82=https://github.com/polarkac/MTG-Stories/blob/5e0a53c7193ba58835fd811f66612e8f6d6f344b/stories/036%20-%20Guilds%20of%20Ravnica/009_The%20Gathering%20Storm%3A%20Chapter%203.typ;src_mtg_stories_rallying_the_reluctant_d21b8009=https://github.com/polarkac/MTG-Stories/blob/5e0a53c7193ba58835fd811f66612e8f6d6f344b/stories/038%20-%20War%20of%20the%20Spark/003_Rallying%20the%20Reluctant.typ;src_mtg_stories_ashes_6ede4fea=https://github.com/polarkac/MTG-Stories/blob/5e0a53c7193ba58835fd811f66612e8f6d6f344b/stories/038%20-%20War%20of%20the%20Spark/006_Ashes.typ;src_mtg_stories_desperate_operatives_6c6a580b=https://github.com/polarkac/MTG-Stories/blob/5e0a53c7193ba58835fd811f66612e8f6d6f344b/stories/038%20-%20War%20of%20the%20Spark/004_Desperate%20Operatives.typ;src_mtg_stories_fblthp_e26059d7=https://github.com/polarkac/MTG-Stories/blob/5e0a53c7193ba58835fd811f66612e8f6d6f344b/stories/003%20-%20Gatecrash/009_Fblthp.typ	REVIEW_REQUIRED	APPROVED_PUBLIC	You prefer a proactive, aggressive strategy rather than reactive defense. Provenance resolves and existing Commander guidance states a bounded relationship; public wording still requires owner approval.	Isperia represents Azorius leadership, and her card rewards you with additional information when opponents attack you or your planeswalkers.	APPROVE_AFTER_REVISION	1
WU	Kwain, Itinerant Meddler	ce6a85b5-e249-4582-a6be-ce200da5fd53	data/raw-factions/azorius_senate/azorius_senate.profile.json#/commander_compass/weird_stretch_commanders/0	APPROVED_COMMANDER_GUIDANCE_CANDIDATE	azorius_senate_claim_001;azorius_senate_claim_002;azorius_senate_claim_006;azorius_senate_claim_007	Legendary Creature — Rabbit Wizard; CI=WU; oracle_id=ce6a85b5-e249-4582-a6be-ce200da5fd53	Represents the 'peaceful' side of Azorius bureaucracy where everyone gets a turn, but the House always wins.	src_wotc_flavorful_guide_ravnica_allegiance_2019;src_wotc_ravnica_allegiance_mechanics_2018	src_wotc_flavorful_guide_ravnica_allegiance_2019=https://magic.wizards.com/en/news/feature/flavorful-guide-guilds-ravnica-allegiance-2019-02-07;src_wotc_ravnica_allegiance_mechanics_2018=https://magic.wizards.com/en/news/feature/ravnica-allegiance-mechanics	EVIDENCE_NEEDED	EVIDENCE_NEEDED	Not a Ravnica character. Product/thematic fit only; not a Ravnica or Azorius canon character. You dislike giving opponents resources (cards/life). Current relationship bridge depends on generic color, product, or mechanical analogy rather than a direct native identity/card anchor.	None	NOT_APPLICABLE	2
WU	Grand Arbiter Augustin IV	1f8d4d5f-e82f-45f3-823e-1bb6b536eb18	data/raw-factions/azorius_senate/azorius_senate.profile.json#/commander_compass/advanced_complexity_commanders/0	APPROVED_COMMANDER_GUIDANCE_CANDIDATE	azorius_senate_claim_001;azorius_senate_claim_002;azorius_senate_claim_006;azorius_senate_claim_007	Legendary Creature — Human Advisor; CI=WU; oracle_id=1f8d4d5f-e82f-45f3-823e-1bb6b536eb18	The ultimate expression of Azorius tax-based gameplay; he slows the game down to a crawl.	src_wotc_flavorful_guide_ravnica_allegiance_2019;src_wotc_ravnica_allegiance_mechanics_2018	src_wotc_flavorful_guide_ravnica_allegiance_2019=https://magic.wizards.com/en/news/feature/flavorful-guide-guilds-ravnica-allegiance-2019-02-07;src_wotc_ravnica_allegiance_mechanics_2018=https://magic.wizards.com/en/news/feature/ravnica-allegiance-mechanics	REVIEW_REQUIRED	APPROVED_PUBLIC	High salt score on EDHREC. Use with caution. Your playgroup dislikes 'Stax' or games that take 3+ hours. Provenance resolves and existing Commander guidance states a bounded relationship; public wording still requires owner approval.	Grand Arbiter makes your white and blue spells cost less while making every opponent's spell cost more.	APPROVE	3
WU	Lavinia, Azorius Renegade	81ba3a33-0e04-4f68-9a42-1dd717733b57	data/raw-factions/azorius_senate/azorius_senate.profile.json#/commander_compass/iconic_lore_forward_commanders/0	APPROVED_COMMANDER_GUIDANCE_CANDIDATE		Legendary Creature — Human Soldier; CI=WU; oracle_id=81ba3a33-0e04-4f68-9a42-1dd717733b57	A major modern Azorius figure whose gameplay keeps opponents from bypassing normal spell costs and mana constraints.	src_mtg_stories_the_gathering_storm_chapter_3_c2a81b82;src_mtg_stories_rallying_the_reluctant_d21b8009;src_mtg_stories_ashes_6ede4fea;src_mtg_stories_operation_desperation_e6d285ea;src_mtg_stories_episode_1_ghosts_of_our_past_3c1a1077	src_mtg_stories_the_gathering_storm_chapter_3_c2a81b82=https://github.com/polarkac/MTG-Stories/blob/5e0a53c7193ba58835fd811f66612e8f6d6f344b/stories/036%20-%20Guilds%20of%20Ravnica/009_The%20Gathering%20Storm%3A%20Chapter%203.typ;src_mtg_stories_rallying_the_reluctant_d21b8009=https://github.com/polarkac/MTG-Stories/blob/5e0a53c7193ba58835fd811f66612e8f6d6f344b/stories/038%20-%20War%20of%20the%20Spark/003_Rallying%20the%20Reluctant.typ;src_mtg_stories_ashes_6ede4fea=https://github.com/polarkac/MTG-Stories/blob/5e0a53c7193ba58835fd811f66612e8f6d6f344b/stories/038%20-%20War%20of%20the%20Spark/006_Ashes.typ;src_mtg_stories_operation_desperation_e6d285ea=https://github.com/polarkac/MTG-Stories/blob/5e0a53c7193ba58835fd811f66612e8f6d6f344b/stories/038%20-%20War%20of%20the%20Spark/005_Operation%20Desperation.typ;src_mtg_stories_episode_1_ghosts_of_our_past_3c1a1077=https://github.com/polarkac/MTG-Stories/blob/5e0a53c7193ba58835fd811f66612e8f6d6f344b/stories/055%20-%20Murders%20at%20Karlov%20Manor/001_Episode%201%3A%20Ghosts%20of%20Our%20Past.typ	EVIDENCE_NEEDED	EVIDENCE_NEEDED	You are playing in a casual meta where players don't rely on mana rocks or free spells. Candidate uses missing, string-only, or incomplete claim/source provenance.	None	NOT_APPLICABLE	4
UB	Lazav, Dimir Mastermind	8027a610-613e-4640-9840-c8778694f312	data/raw-factions/house_dimir/house_dimir.profile.json#/commander_compass/native_fit_commanders/0	APPROVED_COMMANDER_GUIDANCE_CANDIDATE	house_dimir_claim_001;house_dimir_claim_002;house_dimir_claim_004;house_dimir_claim_0017	Legendary Creature — Shapeshifter; CI=UB; oracle_id=8027a610-613e-4640-9840-c8778694f312	Auxiliary product fit for players who want a Lazav-led Dimir deck; the canonical proof is Lazav as guildmaster, not the deck mechanics.	src_wotc_flavorful_guide_guilds_ravnica_2018;src_wotc_guilds_ravnica_mechanics_2018	src_wotc_flavorful_guide_guilds_ravnica_2018=https://magic.wizards.com/en/news/feature/flavorful-guide-guilds-ravnica-2018-10-03;src_wotc_guilds_ravnica_mechanics_2018=https://magic.wizards.com/en/news/feature/guilds-ravnica-mechanics-2018-09-04	REVIEW_REQUIRED	APPROVED_PUBLIC	Commander/card/product material remains auxiliary and is not authoritative Dimir semantic proof. Skip if you want a transparent table plan or a commander whose appeal does not depend on opponents' graveyards. Provenance resolves and existing Commander guidance states a bounded relationship; public wording still requires owner approval.	When an opponent's creature card reaches their graveyard, Lazav can copy it while keeping his name, legendary status, hexproof, and the ability to copy again.	APPROVE	1
UB	Etrata, the Silencer	2ee87667-ec9d-4ced-b7e6-df3fd18b0ed6	data/raw-factions/house_dimir/house_dimir.profile.json#/commander_compass/weird_stretch_commanders/0	APPROVED_COMMANDER_GUIDANCE_CANDIDATE	house_dimir_claim_001;house_dimir_claim_0017	Legendary Creature — Vampire Assassin; CI=UB; oracle_id=2ee87667-ec9d-4ced-b7e6-df3fd18b0ed6	Auxiliary product texture for the assassin side of the official Dimir overview; it is not a source-backed key-figure proof chain in this packet.	src_wotc_flavorful_guide_guilds_ravnica_2018;src_wotc_guilds_ravnica_mechanics_2018	src_wotc_flavorful_guide_guilds_ravnica_2018=https://magic.wizards.com/en/news/feature/flavorful-guide-guilds-ravnica-2018-10-03;src_wotc_guilds_ravnica_mechanics_2018=https://magic.wizards.com/en/news/feature/guilds-ravnica-mechanics-2018-09-04	EVIDENCE_NEEDED	EVIDENCE_NEEDED	Discovery-only story-corpus claim IDs removed from this auxiliary support chain. Skip if you do not want a commander that repeatedly leaves combat and can be mechanically awkward. Existing wording contains reviewer/source-method language and is not eligible as player copy.	None	NOT_APPLICABLE	2
BR	Rakdos, Lord of Riots	143a269a-b9ee-48ba-bd7b-4aa46eb36778	data/raw-factions/cult_of_rakdos/cult_of_rakdos.profile.json#/commander_compass/native_fit_commanders/0	APPROVED_COMMANDER_GUIDANCE_CANDIDATE	cult_of_rakdos_claim_001;cult_of_rakdos_claim_002;cult_of_rakdos_claim_003;cult_of_rakdos_claim_004;cult_of_rakdos_claim_005;cult_of_rakdos_claim_006	Legendary Creature — Demon; CI=BR; oracle_id=143a269a-b9ee-48ba-bd7b-4aa46eb36778	Rakdos is the native demon-headliner choice: opponents must lose life before the show begins, then life-loss discounts enormous creatures.	src_wotc_flavorful_guide_ravnica_allegiance_2019;src_wotc_ravnica_allegiance_mechanics_2018	src_wotc_flavorful_guide_ravnica_allegiance_2019=https://magic.wizards.com/en/news/feature/flavorful-guide-guilds-ravnica-allegiance-2019-02-07;src_wotc_ravnica_allegiance_mechanics_2018=https://magic.wizards.com/en/news/feature/ravnica-allegiance-mechanics	REVIEW_REQUIRED	APPROVED_PUBLIC	Discovery-only story-corpus claim IDs removed from this auxiliary support chain. Commander/card/product material remains auxiliary and is not authoritative Rakdos semantic proof. Skip if you want consistent early casting, low variance, or a commander that avoids big threat perception. Provenance resolves and existing Commander guidance states a bounded relationship; public wording still requires owner approval.	Rakdos is the native demon-headliner choice: opponents must lose life before the show begins, then life-loss discounts enormous creatures.	APPROVE	1
BR	Judith, the Scourge Diva	c01516e0-eec3-4370-b935-7674982e8850	data/raw-factions/cult_of_rakdos/cult_of_rakdos.profile.json#/commander_compass/native_fit_commanders/1	APPROVED_COMMANDER_GUIDANCE_CANDIDATE		Legendary Creature — Human Shaman; CI=BR; oracle_id=c01516e0-eec3-4370-b935-7674982e8850	Judith makes the cult feel like a packed stage: every creature hits harder, and nontoken creatures dying throw damage back into the audience.			EVIDENCE_NEEDED	EVIDENCE_NEEDED	Discovery-only story-corpus claim IDs removed from this auxiliary support chain. Commander/card/product material remains auxiliary and is not authoritative Rakdos semantic proof. Skip if you want a large demon commander or dislike small-creature sacrifice combat. Candidate uses missing, string-only, or incomplete claim/source provenance.	None	NOT_APPLICABLE	2
BR	Blim, Comedic Genius	c7cf9574-e2cf-4137-a224-73f76c5d11d7	data/raw-factions/cult_of_rakdos/cult_of_rakdos.profile.json#/commander_compass/weird_stretch_commanders/0	APPROVED_COMMANDER_GUIDANCE_CANDIDATE	cult_of_rakdos_claim_001;cult_of_rakdos_claim_002;cult_of_rakdos_claim_003;cult_of_rakdos_claim_004;cult_of_rakdos_claim_005;cult_of_rakdos_claim_006	Legendary Creature — Imp; CI=BR; oracle_id=c7cf9574-e2cf-4137-a224-73f76c5d11d7	Blim is weird Rakdos in the right way: comedy, punisher edge, and bad gifts become the performance mechanic.	src_wotc_flavorful_guide_ravnica_allegiance_2019;src_wotc_ravnica_allegiance_mechanics_2018	src_wotc_flavorful_guide_ravnica_allegiance_2019=https://magic.wizards.com/en/news/feature/flavorful-guide-guilds-ravnica-allegiance-2019-02-07;src_wotc_ravnica_allegiance_mechanics_2018=https://magic.wizards.com/en/news/feature/ravnica-allegiance-mechanics	EVIDENCE_NEEDED	EVIDENCE_NEEDED	Not Ravnica-native; product fit is tonal and mechanical. Discovery-only story-corpus claim IDs removed from this auxiliary support chain. Commander/card/product material remains auxiliary and is not authoritative Rakdos semantic proof. Skip if your table dislikes donated permanents, confusing board states, or spiteful politics. Current relationship bridge depends on generic color, product, or mechanical analogy rather than a direct native identity/card anchor.	None	NOT_APPLICABLE	3
BR	Juri, Master of the Revue	3364bad6-6d0a-4141-b410-86e3d9e1916e	data/raw-factions/cult_of_rakdos/cult_of_rakdos.profile.json#/commander_compass/budget_friendly_commanders/0	APPROVED_COMMANDER_GUIDANCE_CANDIDATE	cult_of_rakdos_claim_001;cult_of_rakdos_claim_002;cult_of_rakdos_claim_003;cult_of_rakdos_claim_004;cult_of_rakdos_claim_005;cult_of_rakdos_claim_006	Legendary Creature — Human Shaman; CI=BR; oracle_id=3364bad6-6d0a-4141-b410-86e3d9e1916e	Juri is a compact stage-manager for budget Rakdos sacrifice: every sacrificed permanent builds toward one dramatic final damage burst.	src_wotc_flavorful_guide_ravnica_allegiance_2019;src_wotc_ravnica_allegiance_mechanics_2018	src_wotc_flavorful_guide_ravnica_allegiance_2019=https://magic.wizards.com/en/news/feature/flavorful-guide-guilds-ravnica-allegiance-2019-02-07;src_wotc_ravnica_allegiance_mechanics_2018=https://magic.wizards.com/en/news/feature/ravnica-allegiance-mechanics	EVIDENCE_NEEDED	EVIDENCE_NEEDED	Discovery-only story-corpus claim IDs removed from this auxiliary support chain. Commander/card/product material remains auxiliary and is not authoritative Rakdos semantic proof. Skip if you want demon tribal or a commander that wins without sacrifice density. Current relationship bridge depends on generic color, product, or mechanical analogy rather than a direct native identity/card anchor.	None	NOT_APPLICABLE	4
BR	Prosper, Tome-Bound	1e9b0fd6-5aae-401a-8df5-d94ce6442696	data/raw-factions/cult_of_rakdos/cult_of_rakdos.profile.json#/commander_compass/advanced_complexity_commanders/0	APPROVED_COMMANDER_GUIDANCE_CANDIDATE	cult_of_rakdos_claim_001;cult_of_rakdos_claim_002;cult_of_rakdos_claim_003;cult_of_rakdos_claim_004;cult_of_rakdos_claim_005;cult_of_rakdos_claim_006	Legendary Creature — Tiefling Warlock; CI=BR; oracle_id=1e9b0fd6-5aae-401a-8df5-d94ce6442696	Prosper is not Rakdos-cult lore, but as product guidance he turns risk-forward opportunity into material gain: every stolen moment from exile becomes treasure.	src_wotc_flavorful_guide_ravnica_allegiance_2019;src_wotc_ravnica_allegiance_mechanics_2018	src_wotc_flavorful_guide_ravnica_allegiance_2019=https://magic.wizards.com/en/news/feature/flavorful-guide-guilds-ravnica-allegiance-2019-02-07;src_wotc_ravnica_allegiance_mechanics_2018=https://magic.wizards.com/en/news/feature/ravnica-allegiance-mechanics	EVIDENCE_NEEDED	EVIDENCE_NEEDED	Strong generic BR product fit, but not a lore-forward Cult of Rakdos card. Discovery-only story-corpus claim IDs removed from this auxiliary support chain. Commander/card/product material remains auxiliary and is not authoritative Rakdos semantic proof. Skip if you want strict Ravnican flavor or if your group dislikes high-efficiency value engines. Current relationship bridge depends on generic color, product, or mechanical analogy rather than a direct native identity/card anchor.	None	NOT_APPLICABLE	5
BR	Rakdos, the Showstopper	03a4b997-4738-41a9-933f-e1f765e3a75a	data/raw-factions/cult_of_rakdos/cult_of_rakdos.profile.json#/commander_compass/iconic_lore_forward_commanders/0	APPROVED_COMMANDER_GUIDANCE_CANDIDATE	cult_of_rakdos_claim_001;cult_of_rakdos_claim_002;cult_of_rakdos_claim_003;cult_of_rakdos_claim_004;cult_of_rakdos_claim_005;cult_of_rakdos_claim_006	Legendary Creature — Demon; CI=BR; oracle_id=03a4b997-4738-41a9-933f-e1f765e3a75a	This is a pure flavor-forward Rakdos performance: the demon arrives, the stage erupts, and survival becomes a coin-flip spectacle.	src_wotc_flavorful_guide_ravnica_allegiance_2019;src_wotc_ravnica_allegiance_mechanics_2018	src_wotc_flavorful_guide_ravnica_allegiance_2019=https://magic.wizards.com/en/news/feature/flavorful-guide-guilds-ravnica-allegiance-2019-02-07;src_wotc_ravnica_allegiance_mechanics_2018=https://magic.wizards.com/en/news/feature/ravnica-allegiance-mechanics	REVIEW_REQUIRED	APPROVED_PUBLIC	High-variance by design. Discovery-only story-corpus claim IDs removed from this auxiliary support chain. Commander/card/product material remains auxiliary and is not authoritative Rakdos semantic proof. Skip if you want reliability, low variance, or table-safe board states. Provenance resolves and existing Commander guidance states a bounded relationship; public wording still requires owner approval.	This is a pure flavor-forward Rakdos performance: the demon arrives, the stage erupts, and survival becomes a coin-flip spectacle.	APPROVE	6
RG	Borborygmos Enraged	b7505737-1fc8-4ee8-8b1d-5dde73b6a76d	data/raw-factions/gruul_clans/gruul_clans.profile.json#/commander_compass/native_fit_commanders/0	APPROVED_COMMANDER_GUIDANCE_CANDIDATE	claim_gruul_clans_key_figure_0012;claim_gruul_clans_key_figure_0013;claim_gruul_clans_key_figure_0035;claim_gruul_clans_key_figure_0036;claim_gruul_clans_key_figure_0046	Legendary Creature — Cyclops; CI=RG; oracle_id=b7505737-1fc8-4ee8-8b1d-5dde73b6a76d	A Burning-Tree-linked Gruul figure whose lands-matter damage gameplay can echo direct Rubblebelt force as auxiliary Commander texture.	src_gruul_clans_0002;src_gruul_clans_0003;src_gruul_clans_0009	src_gruul_clans_0002=https://magic.wizards.com/en/news/feature/planeswalkers-guide-to-gatecrash-part-2;src_gruul_clans_0003=https://magic.wizards.com/en/news/feature/flavorful-guide-guilds-ravnica-allegiance-2019-02-07;src_gruul_clans_0009=https://magic.wizards.com/en/news/magic-story/war-spark-ravnica-path-opulent-2019-05-15	REVIEW_REQUIRED	APPROVED_PUBLIC	You don't want to play an 8-mana commander. Provenance resolves and existing Commander guidance states a bounded relationship; public wording still requires owner approval.	Borborygmos turns combat damage into lands in hand, then lets you discard those lands to deal 3 damage to any target.	APPROVE	1
RG	Hallar, the Firefletcher	04559759-1afd-4785-badc-c3416041f016	data/raw-factions/gruul_clans/gruul_clans.profile.json#/commander_compass/weird_stretch_commanders/0	APPROVED_COMMANDER_GUIDANCE_CANDIDATE		Legendary Creature — Elf Archer; CI=RG; oracle_id=04559759-1afd-4785-badc-c3416041f016	A non-Ravnica red-green stretch pick for counter/kicker pressure; use as gameplay texture only, not Gruul lore proof.			EVIDENCE_NEEDED	EVIDENCE_NEEDED	You want a deck that plays generic good creatures rather than specific kicker spells. Candidate uses missing, string-only, or incomplete claim/source provenance.	None	NOT_APPLICABLE	2
RG	Nikya of the Old Ways	ebf3fd80-9574-489b-9428-f4251834bdc4	data/raw-factions/gruul_clans/gruul_clans.profile.json#/commander_compass/budget_friendly_commanders/0	APPROVED_COMMANDER_GUIDANCE_CANDIDATE	claim_gruul_clans_key_figure_0023;claim_gruul_clans_structure_0021;claim_gruul_clans_philosophy_0022	Legendary Creature — Centaur Druid; CI=RG; oracle_id=ebf3fd80-9574-489b-9428-f4251834bdc4	She forces you to abandon 'civilized' noncreature spells in exchange for massive mana for monsters.	src_gruul_clans_0002	src_gruul_clans_0002=https://magic.wizards.com/en/news/feature/planeswalkers-guide-to-gatecrash-part-2	REVIEW_REQUIRED	APPROVED_PUBLIC	Requires a very specific deck composition. You like playing instants, sorceries, or artifacts. Provenance resolves and existing Commander guidance states a bounded relationship; public wording still requires owner approval.	She forces you to abandon 'civilized' noncreature spells in exchange for massive mana for monsters.	APPROVE	3
RG	Ruric Thar, the Unbowed	6ed13a89-4284-4c01-8099-75e2d68c8c63	data/raw-factions/gruul_clans/gruul_clans.profile.json#/commander_compass/iconic_lore_forward_commanders/0	APPROVED_COMMANDER_GUIDANCE_CANDIDATE	claim_gruul_clans_key_figure_0016;claim_gruul_clans_structure_0017	Legendary Creature — Ogre Warrior; CI=RG; oracle_id=6ed13a89-4284-4c01-8099-75e2d68c8c63	A severe Gruul pressure piece against noncreature spell plans; creature-first tables punish players who try to solve everything with spells.	src_gruul_clans_0002	src_gruul_clans_0002=https://magic.wizards.com/en/news/feature/planeswalkers-guide-to-gatecrash-part-2	REVIEW_REQUIRED	APPROVED_PUBLIC	You want to play a deck with more than 5-10 noncreature spells. Provenance resolves and existing Commander guidance states a bounded relationship; public wording still requires owner approval.	Ruric Thar must attack when able and deals 6 damage to any player who casts a noncreature spell.	APPROVE	4
WG	Trostani, Selesnya's Voice	e94ef397-f5c5-4b8d-ae27-528352fa1d1e	data/raw-factions/selesnya_conclave/selesnya_conclave.profile.json#/commander_compass/native_fit_commanders/0	APPROVED_COMMANDER_GUIDANCE_CANDIDATE	selesnya_conclave_claim_005;selesnya_conclave_claim_006;selesnya_conclave_claim_007;selesnya_conclave_claim_0018;selesnya_conclave_claim_0020	Legendary Creature — Dryad; CI=WG; oracle_id=e94ef397-f5c5-4b8d-ae27-528352fa1d1e	Trostani has source-backed Selesnya leadership context, while her token/populate/lifegain card play is auxiliary Commander texture rather than independent lore proof.	src_wotc_flavorful_guide_guilds_ravnica_2018;src_wotc_guilds_ravnica_mechanics_2018;src_wotc_guilds_ravnica_prerelease_primer_2018	src_wotc_flavorful_guide_guilds_ravnica_2018=https://magic.wizards.com/en/news/feature/flavorful-guide-guilds-ravnica-2018-10-03;src_wotc_guilds_ravnica_mechanics_2018=https://magic.wizards.com/en/news/feature/guilds-ravnica-mechanics-2018-09-04;src_wotc_guilds_ravnica_prerelease_primer_2018=https://magic.wizards.com/en/news/feature/guilds-of-ravnica-prerelease-primer	REVIEW_REQUIRED	APPROVED_PUBLIC	Skip if you dislike token bookkeeping, longer board-development games, or populate needing good token targets. Provenance resolves and existing Commander guidance states a bounded relationship; public wording still requires owner approval.	Whenever another creature you control enters, you gain life equal to its toughness; Trostani can also populate a creature token you control.	APPROVE	1
WG	Emmara, Soul of the Accord	c65ba242-3369-48a9-864f-1b1f85238f67	data/raw-factions/selesnya_conclave/selesnya_conclave.profile.json#/commander_compass/native_fit_commanders/1	APPROVED_COMMANDER_GUIDANCE_CANDIDATE	selesnya_conclave_claim_006;selesnya_conclave_claim_007;selesnya_conclave_claim_0020	Legendary Creature — Elf Cleric; CI=WG; oracle_id=c65ba242-3369-48a9-864f-1b1f85238f67	Emmara is a gameplay-adjacent Selesnya on-ramp because tapping and creature teamwork can echo bounded Convoke texture; this is product guidance, not authoritative character proof.	src_wotc_flavorful_guide_guilds_ravnica_2018;src_wotc_guilds_ravnica_mechanics_2018;src_wotc_guilds_ravnica_prerelease_primer_2018	src_wotc_flavorful_guide_guilds_ravnica_2018=https://magic.wizards.com/en/news/feature/flavorful-guide-guilds-ravnica-2018-10-03;src_wotc_guilds_ravnica_mechanics_2018=https://magic.wizards.com/en/news/feature/guilds-ravnica-mechanics-2018-09-04;src_wotc_guilds_ravnica_prerelease_primer_2018=https://magic.wizards.com/en/news/feature/guilds-of-ravnica-prerelease-primer	EVIDENCE_NEEDED	EVIDENCE_NEEDED	Skip if you want a commander that creates large threats by itself or dislike needing tap outlets/convoke support. Existing wording contains reviewer/source-method language and is not eligible as player copy.	None	NOT_APPLICABLE	2
WG	Sythis, Harvest's Hand	0fc64fd6-f057-4056-9dca-47accb7ff036	data/raw-factions/selesnya_conclave/selesnya_conclave.profile.json#/commander_compass/weird_stretch_commanders/0	APPROVED_COMMANDER_GUIDANCE_CANDIDATE	selesnya_conclave_claim_007;selesnya_conclave_claim_0020;selesnya_conclave_claim_0022	Legendary Enchantment Creature — Nymph; CI=WG; oracle_id=0fc64fd6-f057-4056-9dca-47accb7ff036	Sythis is not Selesnya lore, but enchantress play can be an auxiliary expression of protected growth and communal infrastructure when not treated as canon proof.	src_wotc_flavorful_guide_guilds_ravnica_2018;src_wotc_guilds_ravnica_mechanics_2018;src_wotc_guilds_ravnica_prerelease_primer_2018	src_wotc_flavorful_guide_guilds_ravnica_2018=https://magic.wizards.com/en/news/feature/flavorful-guide-guilds-ravnica-2018-10-03;src_wotc_guilds_ravnica_mechanics_2018=https://magic.wizards.com/en/news/feature/guilds-ravnica-mechanics-2018-09-04;src_wotc_guilds_ravnica_prerelease_primer_2018=https://magic.wizards.com/en/news/feature/guilds-of-ravnica-prerelease-primer	EVIDENCE_NEEDED	EVIDENCE_NEEDED	Product-adjacent only; not a Selesnya lore card. Skip if you want tokens/convoke/populate or a Ravnica-native commander. Existing wording contains reviewer/source-method language and is not eligible as player copy.	None	NOT_APPLICABLE	3
WG	Trelasarra, Moon Dancer	cd10ebc9-9f6c-4da2-9a86-263902002ebc	data/raw-factions/selesnya_conclave/selesnya_conclave.profile.json#/commander_compass/budget_friendly_commanders/0	APPROVED_COMMANDER_GUIDANCE_CANDIDATE	selesnya_conclave_claim_007;selesnya_conclave_claim_0020;selesnya_conclave_claim_0022	Legendary Creature — Elf Cleric; CI=WG; oracle_id=cd10ebc9-9f6c-4da2-9a86-263902002ebc	Trelasarra is a budget gameplay adjacency for growth and sustainment, not a Ravnica-native Selesnya proof point.	src_wotc_flavorful_guide_guilds_ravnica_2018;src_wotc_guilds_ravnica_mechanics_2018;src_wotc_guilds_ravnica_prerelease_primer_2018	src_wotc_flavorful_guide_guilds_ravnica_2018=https://magic.wizards.com/en/news/feature/flavorful-guide-guilds-ravnica-2018-10-03;src_wotc_guilds_ravnica_mechanics_2018=https://magic.wizards.com/en/news/feature/guilds-ravnica-mechanics-2018-09-04;src_wotc_guilds_ravnica_prerelease_primer_2018=https://magic.wizards.com/en/news/feature/guilds-of-ravnica-prerelease-primer	EVIDENCE_NEEDED	EVIDENCE_NEEDED	Not Ravnica-native; use as budget gameplay adjacency. Skip if you want a token-first guild expression or strict Ravnica flavor. Existing wording contains reviewer/source-method language and is not eligible as player copy.	None	NOT_APPLICABLE	4
WG	Rhys the Redeemed	f7252190-ad24-4ba3-a644-2790dd1d680d	data/raw-factions/selesnya_conclave/selesnya_conclave.profile.json#/commander_compass/advanced_complexity_commanders/0	APPROVED_COMMANDER_GUIDANCE_CANDIDATE	selesnya_conclave_claim_007;selesnya_conclave_claim_0020	Legendary Creature — Elf Warrior; CI=WG; oracle_id=f7252190-ad24-4ba3-a644-2790dd1d680d	Rhys maps strongly to collective-board gameplay, but he is not Ravnican; use only as auxiliary product guidance for players who want many bodies acting together.	src_wotc_flavorful_guide_guilds_ravnica_2018;src_wotc_guilds_ravnica_mechanics_2018;src_wotc_guilds_ravnica_prerelease_primer_2018	src_wotc_flavorful_guide_guilds_ravnica_2018=https://magic.wizards.com/en/news/feature/flavorful-guide-guilds-ravnica-2018-10-03;src_wotc_guilds_ravnica_mechanics_2018=https://magic.wizards.com/en/news/feature/guilds-ravnica-mechanics-2018-09-04;src_wotc_guilds_ravnica_prerelease_primer_2018=https://magic.wizards.com/en/news/feature/guilds-of-ravnica-prerelease-primer	EVIDENCE_NEEDED	EVIDENCE_NEEDED	Strong gameplay fit; not an official Selesnya/Ravnica character. Skip if you want native Selesnya lore, low token counts, or a deck that avoids exponential board states. Existing wording contains reviewer/source-method language and is not eligible as player copy.	None	NOT_APPLICABLE	5
WG	Trostani Discordant	9a2fdc0e-e0de-47fc-95e4-04e725ddf060	data/raw-factions/selesnya_conclave/selesnya_conclave.profile.json#/commander_compass/iconic_lore_forward_commanders/0	APPROVED_COMMANDER_GUIDANCE_CANDIDATE	selesnya_conclave_claim_005;selesnya_conclave_claim_007;selesnya_conclave_claim_0018;selesnya_conclave_claim_0020	Legendary Creature — Dryad; CI=WG; oracle_id=9a2fdc0e-e0de-47fc-95e4-04e725ddf060	This Trostani version is lore-forward because Trostani is source-backed; discord/ownership/card gameplay remains auxiliary card texture unless separately localized.	src_wotc_flavorful_guide_guilds_ravnica_2018;src_wotc_guilds_ravnica_mechanics_2018;src_wotc_guilds_ravnica_prerelease_primer_2018	src_wotc_flavorful_guide_guilds_ravnica_2018=https://magic.wizards.com/en/news/feature/flavorful-guide-guilds-ravnica-2018-10-03;src_wotc_guilds_ravnica_mechanics_2018=https://magic.wizards.com/en/news/feature/guilds-ravnica-mechanics-2018-09-04;src_wotc_guilds_ravnica_prerelease_primer_2018=https://magic.wizards.com/en/news/feature/guilds-of-ravnica-prerelease-primer	EVIDENCE_NEEDED	EVIDENCE_NEEDED	Skip if you want a stronger engine commander; this is more flavor-forward than optimized. Existing wording contains reviewer/source-method language and is not eligible as player copy.	None	NOT_APPLICABLE	6
WB	Teysa Karlov	644eeefd-e684-4ca8-8aef-a892ca130c07	data/raw-factions/orzhov_syndicate/orzhov_syndicate.profile.json#/commander_compass/native_fit_commanders/0	APPROVED_COMMANDER_GUIDANCE_CANDIDATE	orzhov_syndicate_claim_005;orzhov_syndicate_claim_006;orzhov_syndicate_claim_007;orzhov_syndicate_claim_0018;orzhov_syndicate_claim_0020	Legendary Creature — Human Advisor; CI=WB; oracle_id=644eeefd-e684-4ca8-8aef-a892ca130c07	Teysa is the clearest native Orzhov product fit: she doubles death-trigger value and turns token bodies into a more threatening spiritual workforce.	src_wotc_flavorful_guide_ravnica_allegiance_2019;src_wotc_ravnica_allegiance_mechanics_2018	src_wotc_flavorful_guide_ravnica_allegiance_2019=https://magic.wizards.com/en/news/feature/flavorful-guide-guilds-ravnica-allegiance-2019-02-07;src_wotc_ravnica_allegiance_mechanics_2018=https://magic.wizards.com/en/news/feature/ravnica-allegiance-mechanics	REVIEW_REQUIRED	APPROVED_PUBLIC	Discovery-only story-corpus claim IDs removed from this auxiliary support chain. Commander/card/product material remains auxiliary and is not authoritative Orzhov semantic proof. Skip if you dislike sacrifice loops, death-trigger stacks, or incremental value engines. Provenance resolves and existing Commander guidance states a bounded relationship; public wording still requires owner approval.	Teysa Karlov makes your permanents' death triggers happen twice, while giving your creature tokens vigilance and lifelink.	APPROVE	1
WB	Teysa, Orzhov Scion	8191342b-b25e-4c4d-8f69-aee662148ff4	data/raw-factions/orzhov_syndicate/orzhov_syndicate.profile.json#/commander_compass/native_fit_commanders/1	APPROVED_COMMANDER_GUIDANCE_CANDIDATE	orzhov_syndicate_claim_002;orzhov_syndicate_claim_003;orzhov_syndicate_claim_006;orzhov_syndicate_claim_007;orzhov_syndicate_claim_0018;orzhov_syndicate_claim_0020	Legendary Creature — Human Advisor; CI=WB; oracle_id=8191342b-b25e-4c4d-8f69-aee662148ff4	This version of Teysa strongly expresses Orzhov transaction logic: sacrifice, death, replacement bodies, and exile removal all feed the same contract engine.	src_wotc_flavorful_guide_ravnica_allegiance_2019;src_wotc_ravnica_allegiance_mechanics_2018	src_wotc_flavorful_guide_ravnica_allegiance_2019=https://magic.wizards.com/en/news/feature/flavorful-guide-guilds-ravnica-allegiance-2019-02-07;src_wotc_ravnica_allegiance_mechanics_2018=https://magic.wizards.com/en/news/feature/ravnica-allegiance-mechanics	REVIEW_REQUIRED	APPROVED_PUBLIC	Discovery-only story-corpus claim IDs removed from this auxiliary support chain. Commander/card/product material remains auxiliary and is not authoritative Orzhov semantic proof. Skip if you want a simple precon-style gameplan or dislike combo-adjacent sacrifice engines. Provenance resolves and existing Commander guidance states a bounded relationship; public wording still requires owner approval.	This version of Teysa strongly expresses Orzhov transaction logic: sacrifice, death, replacement bodies, and exile removal all feed the same contract engine.	APPROVE	2
WB	Athreos, God of Passage	af206aed-1f58-4f5a-ba42-0e0d1f282940	data/raw-factions/orzhov_syndicate/orzhov_syndicate.profile.json#/commander_compass/weird_stretch_commanders/0	APPROVED_COMMANDER_GUIDANCE_CANDIDATE	orzhov_syndicate_claim_006;orzhov_syndicate_claim_007;orzhov_syndicate_claim_0018;orzhov_syndicate_claim_0020	Legendary Enchantment Creature — God; CI=WB; oracle_id=af206aed-1f58-4f5a-ba42-0e0d1f282940	Athreos is not Ravnican Orzhov lore, but the gameplay feels like debt collection: opponents must pay life or return your dead assets.	src_wotc_ravnica_allegiance_mechanics_2018;src_wotc_flavorful_guide_ravnica_allegiance_2019	src_wotc_ravnica_allegiance_mechanics_2018=https://magic.wizards.com/en/news/feature/ravnica-allegiance-mechanics;src_wotc_flavorful_guide_ravnica_allegiance_2019=https://magic.wizards.com/en/news/feature/flavorful-guide-guilds-ravnica-allegiance-2019-02-07	EVIDENCE_NEEDED	EVIDENCE_NEEDED	Not an Orzhov/Ravnica lore character; product-adjacent only. Discovery-only story-corpus claim IDs removed from this auxiliary support chain. Commander/card/product material remains auxiliary and is not authoritative Orzhov semantic proof. Skip if you want strict Ravnica flavor or dislike political choice cards that slow decision-making. Current relationship bridge depends on generic color, product, or mechanical analogy rather than a direct native identity/card anchor.	None	NOT_APPLICABLE	3
WB	Elas il-Kor, Sadistic Pilgrim	a4d33e21-d3fe-4d5b-903c-b75e859d6f7f	data/raw-factions/orzhov_syndicate/orzhov_syndicate.profile.json#/commander_compass/budget_friendly_commanders/0	APPROVED_COMMANDER_GUIDANCE_CANDIDATE	orzhov_syndicate_claim_006;orzhov_syndicate_claim_007;orzhov_syndicate_claim_0018;orzhov_syndicate_claim_0020	Legendary Creature — Phyrexian Kor Cleric; CI=WB; oracle_id=a4d33e21-d3fe-4d5b-903c-b75e859d6f7f	Elas gives a very accessible Orzhov-feeling loop: creatures enter as small gains, die as small debts collected from opponents.	src_wotc_ravnica_allegiance_mechanics_2018;src_wotc_flavorful_guide_ravnica_allegiance_2019	src_wotc_ravnica_allegiance_mechanics_2018=https://magic.wizards.com/en/news/feature/ravnica-allegiance-mechanics;src_wotc_flavorful_guide_ravnica_allegiance_2019=https://magic.wizards.com/en/news/feature/flavorful-guide-guilds-ravnica-allegiance-2019-02-07	EVIDENCE_NEEDED	EVIDENCE_NEEDED	Not Ravnica-native; use as budget gameplay fit. Discovery-only story-corpus claim IDs removed from this auxiliary support chain. Commander/card/product material remains auxiliary and is not authoritative Orzhov semantic proof. Skip if you want Ravnica lore or dislike small incremental triggers. Current relationship bridge depends on generic color, product, or mechanical analogy rather than a direct native identity/card anchor.	None	NOT_APPLICABLE	4
WB	Karlov of the Ghost Council	647d7988-9a5d-4700-9238-938d0d5fae12	data/raw-factions/orzhov_syndicate/orzhov_syndicate.profile.json#/commander_compass/advanced_complexity_commanders/0	APPROVED_COMMANDER_GUIDANCE_CANDIDATE	orzhov_syndicate_claim_004;orzhov_syndicate_claim_006;orzhov_syndicate_claim_007;orzhov_syndicate_claim_0018;orzhov_syndicate_claim_0020	Legendary Creature — Spirit Advisor; CI=WB; oracle_id=647d7988-9a5d-4700-9238-938d0d5fae12	Karlov converts lifegain into visible authority: counters become removal, making every payment and tithe a future sentence.	src_wotc_flavorful_guide_ravnica_allegiance_2019;src_wotc_ravnica_allegiance_mechanics_2018	src_wotc_flavorful_guide_ravnica_allegiance_2019=https://magic.wizards.com/en/news/feature/flavorful-guide-guilds-ravnica-allegiance-2019-02-07;src_wotc_ravnica_allegiance_mechanics_2018=https://magic.wizards.com/en/news/feature/ravnica-allegiance-mechanics	REVIEW_REQUIRED	APPROVED_PUBLIC	Can become removal-heavy and commander-centric. Discovery-only story-corpus claim IDs removed from this auxiliary support chain. Commander/card/product material remains auxiliary and is not authoritative Orzhov semantic proof. Skip if you want a token-sacrifice deck or dislike commander-damage pressure backed by cheap lifegain triggers. Provenance resolves and existing Commander guidance states a bounded relationship; public wording still requires owner approval.	Each lifegain event puts two +1/+1 counters on Karlov, and removing six of those counters exiles a creature.	APPROVE	5
WB	Obzedat, Ghost Council	6c3df703-e96a-4ee4-b449-b8e1e3460bd3	data/raw-factions/orzhov_syndicate/orzhov_syndicate.profile.json#/commander_compass/iconic_lore_forward_commanders/0	APPROVED_COMMANDER_GUIDANCE_CANDIDATE	orzhov_syndicate_claim_004;orzhov_syndicate_claim_006;orzhov_syndicate_claim_007;orzhov_syndicate_claim_0018;orzhov_syndicate_claim_0020	Legendary Creature — Spirit Advisor; CI=WB; oracle_id=6c3df703-e96a-4ee4-b449-b8e1e3460bd3	Obzedat is the iconic old Orzhov power structure: deathless elites draining value, dodging consequences, and returning to collect again.	src_wotc_flavorful_guide_ravnica_allegiance_2019;src_wotc_ravnica_allegiance_mechanics_2018	src_wotc_flavorful_guide_ravnica_allegiance_2019=https://magic.wizards.com/en/news/feature/flavorful-guide-guilds-ravnica-allegiance-2019-02-07;src_wotc_ravnica_allegiance_mechanics_2018=https://magic.wizards.com/en/news/feature/ravnica-allegiance-mechanics	REVIEW_REQUIRED	APPROVED_PUBLIC	Discovery-only story-corpus claim IDs removed from this auxiliary support chain. Commander/card/product material remains auxiliary and is not authoritative Orzhov semantic proof. Skip if you need a fast engine or dislike high-mana commanders that win through slow drain. Provenance resolves and existing Commander guidance states a bounded relationship; public wording still requires owner approval.	Obzedat is the iconic old Orzhov power structure: deathless elites draining value, dodging consequences, and returning to collect again.	APPROVE	6
UR	Niv-Mizzet, Parun	33666a98-812f-4892-9f8d-33e0cbecc340	data/raw-factions/izzet_league/izzet_league.profile.json#/commander_compass/native_fit_commanders/0	APPROVED_COMMANDER_GUIDANCE_CANDIDATE	claim_izzet_league_0008;claim_izzet_league_0009;claim_izzet_league_0025;claim_izzet_league_0036;claim_izzet_league_0037;claim_izzet_league_0039;claim_izzet_league_0045	Legendary Creature — Dragon Wizard; CI=UR; oracle_id=33666a98-812f-4892-9f8d-33e0cbecc340	He is the cleanest native Izzet bridge: a Ravnican Izzet leader whose gameplay rewards instant/sorcery exchanges with cards and turns card draw into precise damage.	src_izzet_league_0002;src_izzet_league_0003;src_izzet_league_0012;src_izzet_league_0010;src_izzet_league_0011	src_izzet_league_0002=https://magic.wizards.com/en/news/feature/planeswalkers-guide-to-return-to-ravnica-part-2;src_izzet_league_0003=https://magic.wizards.com/en/news/feature/flavorful-guide-guilds-ravnica-2018-10-03;src_izzet_league_0012=https://magic.wizards.com/en/news/magic-story/war-spark-ravnica-operation-desperation-2019-06-05;src_izzet_league_0010=https://magic.wizards.com/en/news/feature/planeswalkers-guide-to-murders-at-karlov-manor;src_izzet_league_0011=https://magic.wizards.com/en/news/feature/the-legends-and-characters-of-murders-at-karlov-manor	REVIEW_REQUIRED	APPROVED_PUBLIC	Skip if your table dislikes compact draw-damage combos, repeated triggers, or commanders that become the whole deck plan. Provenance resolves and existing Commander guidance states a bounded relationship; public wording still requires owner approval.	Niv-Mizzet draws whenever any player casts an instant or sorcery, then turns every card you draw into 1 damage to a target.	APPROVE	1
UR	Melek, Izzet Paragon	095d9719-0db6-43de-8e4f-a0035a4c65ed	data/raw-factions/izzet_league/izzet_league.profile.json#/commander_compass/native_fit_commanders/1	APPROVED_COMMANDER_GUIDANCE_CANDIDATE	claim_izzet_league_0101	Legendary Creature — Weird Wizard; CI=UR; oracle_id=095d9719-0db6-43de-8e4f-a0035a4c65ed	Melek preserves the lab-experiment feel without defaulting to the dragon. Revealing the top card and copying spells feels like an unstable experiment becoming repeatable technique.	src_izzet_league_0014	src_izzet_league_0014=https://magic.wizards.com/en/news/magic-story/project-lightning-bug-2015-05-27	REVIEW_REQUIRED	APPROVED_PUBLIC	Skip if you want a low-curve commander or dislike playing with the top of your library revealed. Provenance resolves and existing Commander guidance states a bounded relationship; public wording still requires owner approval.	Melek preserves the lab-experiment feel without defaulting to the dragon. Revealing the top card and copying spells feels like an unstable experiment becoming repeatable technique.	APPROVE	2
UR	Ovika, Enigma Goliath	b05a2b5f-1b5c-4f1b-8a6b-525c5c8b8ba1	data/raw-factions/izzet_league/izzet_league.profile.json#/commander_compass/weird_stretch_commanders/0	APPROVED_COMMANDER_GUIDANCE_CANDIDATE	claim_izzet_league_0008;claim_izzet_league_0009;claim_izzet_league_0025;claim_izzet_league_0036;claim_izzet_league_0037;claim_izzet_league_0039;claim_izzet_league_0045	Legendary Creature — Phyrexian Nightmare; CI=UR; oracle_id=b05a2b5f-1b5c-4f1b-8a6b-525c5c8b8ba1	Ovika is not a Ravnica lore fit, but the gameplay is a strong Izzet product stretch: noncreature spells become a chaotic engineered creature swarm.	src_izzet_league_0002;src_izzet_league_0003;src_izzet_league_0012;src_izzet_league_0010;src_izzet_league_0011	src_izzet_league_0002=https://magic.wizards.com/en/news/feature/planeswalkers-guide-to-return-to-ravnica-part-2;src_izzet_league_0003=https://magic.wizards.com/en/news/feature/flavorful-guide-guilds-ravnica-2018-10-03;src_izzet_league_0012=https://magic.wizards.com/en/news/magic-story/war-spark-ravnica-operation-desperation-2019-06-05;src_izzet_league_0010=https://magic.wizards.com/en/news/feature/planeswalkers-guide-to-murders-at-karlov-manor;src_izzet_league_0011=https://magic.wizards.com/en/news/feature/the-legends-and-characters-of-murders-at-karlov-manor	EVIDENCE_NEEDED	EVIDENCE_NEEDED	Product guidance only; not an Izzet/Ravnica lore claim. Skip if you want a lore-forward Ravnican commander, a fast commander, or a deck that avoids board-token bookkeeping. Current relationship bridge depends on generic color, product, or mechanical analogy rather than a direct native identity/card anchor.	None	NOT_APPLICABLE	3
UR	Vadrik, Astral Archmage	a9ab17ce-ba07-4ce8-99f9-9c4c633957f7	data/raw-factions/izzet_league/izzet_league.profile.json#/commander_compass/budget_friendly_commanders/0	APPROVED_COMMANDER_GUIDANCE_CANDIDATE	claim_izzet_league_0008;claim_izzet_league_0009;claim_izzet_league_0025;claim_izzet_league_0036;claim_izzet_league_0037;claim_izzet_league_0039;claim_izzet_league_0045	Legendary Creature — Human Wizard; CI=UR; oracle_id=a9ab17ce-ba07-4ce8-99f9-9c4c633957f7	Vadrik offers a lower-cost way to experience the Izzet spell-chain fantasy: grow the commander, then turn spell costs into fuel for bigger turns.	src_izzet_league_0002;src_izzet_league_0003;src_izzet_league_0012;src_izzet_league_0010;src_izzet_league_0011	src_izzet_league_0002=https://magic.wizards.com/en/news/feature/planeswalkers-guide-to-return-to-ravnica-part-2;src_izzet_league_0003=https://magic.wizards.com/en/news/feature/flavorful-guide-guilds-ravnica-2018-10-03;src_izzet_league_0012=https://magic.wizards.com/en/news/magic-story/war-spark-ravnica-operation-desperation-2019-06-05;src_izzet_league_0010=https://magic.wizards.com/en/news/feature/planeswalkers-guide-to-murders-at-karlov-manor;src_izzet_league_0011=https://magic.wizards.com/en/news/feature/the-legends-and-characters-of-murders-at-karlov-manor	EVIDENCE_NEEDED	EVIDENCE_NEEDED	Not Ravnica-native; recommend as budget gameplay adjacency only. Skip if you want official Izzet characters, Ravnica flavor, or dislike day/night tracking and power-based cost math. Current relationship bridge depends on generic color, product, or mechanical analogy rather than a direct native identity/card anchor.	None	NOT_APPLICABLE	4
UR	Mizzix of the Izmagnus	f787c6cf-a4ff-487b-a7b0-0f516e68510a	data/raw-factions/izzet_league/izzet_league.profile.json#/commander_compass/advanced_complexity_commanders/0	APPROVED_COMMANDER_GUIDANCE_CANDIDATE	claim_izzet_league_0102	Legendary Creature — Goblin Wizard; CI=UR; oracle_id=f787c6cf-a4ff-487b-a7b0-0f516e68510a	Mizzix captures the escalating experiment: every correctly sequenced spell makes the next experiment cheaper and more dangerous.	src_izzet_league_0014	src_izzet_league_0014=https://magic.wizards.com/en/news/magic-story/project-lightning-bug-2015-05-27	REVIEW_REQUIRED	APPROVED_PUBLIC	Can drift into high-power combo if tuned aggressively. Skip if your group dislikes storm turns, long sequencing, or commanders that snowball from cost reduction. Provenance resolves and existing Commander guidance states a bounded relationship; public wording still requires owner approval.	Mizzix captures the escalating experiment: every correctly sequenced spell makes the next experiment cheaper and more dangerous.	APPROVE	5
UR	Niv-Mizzet, Dracogenius	899d58dc-60b2-4013-9f91-c1888c585d66	data/raw-factions/izzet_league/izzet_league.profile.json#/commander_compass/iconic_lore_forward_commanders/0	APPROVED_COMMANDER_GUIDANCE_CANDIDATE	claim_izzet_league_0008;claim_izzet_league_0009;claim_izzet_league_0025;claim_izzet_league_0036;claim_izzet_league_0037;claim_izzet_league_0039;claim_izzet_league_0045	Legendary Creature — Dragon Wizard; CI=UR; oracle_id=899d58dc-60b2-4013-9f91-c1888c585d66	This is a slower, more table-readable way to center Niv-Mizzet as Izzet identity: intellect, fire, and repeatable resource conversion.	src_izzet_league_0002;src_izzet_league_0003;src_izzet_league_0012;src_izzet_league_0010;src_izzet_league_0011	src_izzet_league_0002=https://magic.wizards.com/en/news/feature/planeswalkers-guide-to-return-to-ravnica-part-2;src_izzet_league_0003=https://magic.wizards.com/en/news/feature/flavorful-guide-guilds-ravnica-2018-10-03;src_izzet_league_0012=https://magic.wizards.com/en/news/magic-story/war-spark-ravnica-operation-desperation-2019-06-05;src_izzet_league_0010=https://magic.wizards.com/en/news/feature/planeswalkers-guide-to-murders-at-karlov-manor;src_izzet_league_0011=https://magic.wizards.com/en/news/feature/the-legends-and-characters-of-murders-at-karlov-manor	REVIEW_REQUIRED	APPROVED_PUBLIC	Skip if you need modern efficiency or want the strongest Niv-Mizzet Commander option. Provenance resolves and existing Commander guidance states a bounded relationship; public wording still requires owner approval.	This is a slower, more table-readable way to center Niv-Mizzet as Izzet identity: intellect, fire, and repeatable resource conversion.	APPROVE	6
BG	Jarad, Golgari Lich Lord	87e65e36-9483-49fe-b644-2caca092107f	data/raw-factions/golgari_swarm/golgari_swarm.profile.json#/commander_compass/native_fit_commanders/0	APPROVED_COMMANDER_GUIDANCE_CANDIDATE	golgari_swarm_claim_001;golgari_swarm_claim_002;golgari_swarm_claim_003;golgari_swarm_claim_006;golgari_swarm_claim_0018	Legendary Creature — Zombie Elf; CI=BG; oracle_id=87e65e36-9483-49fe-b644-2caca092107f	A classic Golgari leader who scales with the size of your graveyard and allows you to 'recycle' creatures into direct damage.	src_wotc_flavorful_guide_guilds_ravnica_2018;src_wotc_guilds_ravnica_mechanics_2018;src_wotc_guilds_ravnica_prerelease_primer_2018	src_wotc_flavorful_guide_guilds_ravnica_2018=https://magic.wizards.com/en/news/feature/flavorful-guide-guilds-ravnica-2018-10-03;src_wotc_guilds_ravnica_mechanics_2018=https://magic.wizards.com/en/news/feature/guilds-ravnica-mechanics-2018-09-04;src_wotc_guilds_ravnica_prerelease_primer_2018=https://magic.wizards.com/en/news/feature/guilds-of-ravnica-prerelease-primer	REVIEW_REQUIRED	APPROVED_PUBLIC	Discovery-only story-corpus claim IDs removed from this auxiliary support chain. Commander/card/product material remains auxiliary and is not authoritative Golgari semantic proof. You don't like 'glass cannon' combos or graveyard hate. Provenance resolves and existing Commander guidance states a bounded relationship; public wording still requires owner approval.	Jarad grows for each creature card in your graveyard and can sacrifice another creature to make each opponent lose life equal to its power.	APPROVE	1
BG	The Gitrog Monster	a5e54d2b-aad8-4ddd-af4b-13668913762b	data/raw-factions/golgari_swarm/golgari_swarm.profile.json#/commander_compass/weird_stretch_commanders/0	APPROVED_COMMANDER_GUIDANCE_CANDIDATE	golgari_swarm_claim_001;golgari_swarm_claim_002;golgari_swarm_claim_003;golgari_swarm_claim_006;golgari_swarm_claim_0018	Legendary Creature — Frog Horror; CI=BG; oracle_id=a5e54d2b-aad8-4ddd-af4b-13668913762b	Captures the 'decay' of the land side of Golgari flavor, even if it's from Innistrad.	src_wotc_flavorful_guide_guilds_ravnica_2018;src_wotc_guilds_ravnica_mechanics_2018;src_wotc_guilds_ravnica_prerelease_primer_2018	src_wotc_flavorful_guide_guilds_ravnica_2018=https://magic.wizards.com/en/news/feature/flavorful-guide-guilds-ravnica-2018-10-03;src_wotc_guilds_ravnica_mechanics_2018=https://magic.wizards.com/en/news/feature/guilds-ravnica-mechanics-2018-09-04;src_wotc_guilds_ravnica_prerelease_primer_2018=https://magic.wizards.com/en/news/feature/guilds-of-ravnica-prerelease-primer	EVIDENCE_NEEDED	EVIDENCE_NEEDED	Mechanically very high complexity. Discovery-only story-corpus claim IDs removed from this auxiliary support chain. Commander/card/product material remains auxiliary and is not authoritative Golgari semantic proof. You want a simple, straightforward creature deck. Current relationship bridge depends on generic color, product, or mechanical analogy rather than a direct native identity/card anchor.	None	NOT_APPLICABLE	2
BG	Meren of Clan Nel Toth	0310dfdb-0498-488d-9f1a-279f8239e024	data/raw-factions/golgari_swarm/golgari_swarm.profile.json#/commander_compass/advanced_complexity_commanders/0	APPROVED_COMMANDER_GUIDANCE_CANDIDATE	golgari_swarm_claim_001;golgari_swarm_claim_002;golgari_swarm_claim_003;golgari_swarm_claim_006;golgari_swarm_claim_0018	Legendary Creature — Human Shaman; CI=BG; oracle_id=0310dfdb-0498-488d-9f1a-279f8239e024	A non-Ravnica gameplay fit for Golgari-style recursion: repeated creature death turns into experience and graveyard value.	src_wotc_flavorful_guide_guilds_ravnica_2018;src_wotc_guilds_ravnica_mechanics_2018;src_wotc_guilds_ravnica_prerelease_primer_2018	src_wotc_flavorful_guide_guilds_ravnica_2018=https://magic.wizards.com/en/news/feature/flavorful-guide-guilds-ravnica-2018-10-03;src_wotc_guilds_ravnica_mechanics_2018=https://magic.wizards.com/en/news/feature/guilds-ravnica-mechanics-2018-09-04;src_wotc_guilds_ravnica_prerelease_primer_2018=https://magic.wizards.com/en/news/feature/guilds-of-ravnica-prerelease-primer	EVIDENCE_NEEDED	EVIDENCE_NEEDED	Not Golgari Swarm canon or Ravnica lore; keep framed as gameplay guidance. Discovery-only story-corpus claim IDs removed from this auxiliary support chain. Commander/card/product material remains auxiliary and is not authoritative Golgari semantic proof. You don't want to play a highly popular, well-known commander that might draw focus. Current relationship bridge depends on generic color, product, or mechanical analogy rather than a direct native identity/card anchor.	None	NOT_APPLICABLE	3
UG	Prime Speaker Zegana	311e9368-696a-47e7-aa2f-3ef1b1a92e2b	data/raw-factions/simic_combine/simic_combine.profile.json#/commander_compass/native_fit_commanders/0	APPROVED_COMMANDER_GUIDANCE_CANDIDATE	simic_combine_claim_005;simic_combine_claim_006;simic_combine_claim_0018	Legendary Creature — Merfolk Wizard; CI=UG; oracle_id=311e9368-696a-47e7-aa2f-3ef1b1a92e2b	Zegana has source-backed Simic leadership context, while her size-to-cards gameplay is auxiliary Commander texture for improvement and knowledge rather than independent lore proof.	src_wotc_flavorful_guide_ravnica_allegiance_2019;src_wotc_ravnica_allegiance_mechanics_2018	src_wotc_flavorful_guide_ravnica_allegiance_2019=https://magic.wizards.com/en/news/feature/flavorful-guide-guilds-ravnica-allegiance-2019-02-07;src_wotc_ravnica_allegiance_mechanics_2018=https://magic.wizards.com/en/news/feature/ravnica-allegiance-mechanics	REVIEW_REQUIRED	APPROVED_PUBLIC	Skip if you want a low-curve commander or a deck that does not rely on having another large creature first. Provenance resolves and existing Commander guidance states a bounded relationship; public wording still requires owner approval.	Zegana measures your strongest other creature, enters with that many +1/+1 counters, then draws cards equal to her resulting power.	APPROVE	1
UG	Zegana, Utopian Speaker	04260930-ff38-4b35-9ec4-e89196a4f2c7	data/raw-factions/simic_combine/simic_combine.profile.json#/commander_compass/native_fit_commanders/1	APPROVED_COMMANDER_GUIDANCE_CANDIDATE	simic_combine_claim_005;simic_combine_claim_006;simic_combine_claim_0018;simic_combine_claim_0020	Legendary Creature — Merfolk Wizard; CI=UG; oracle_id=04260930-ff38-4b35-9ec4-e89196a4f2c7	This Zegana version is an auxiliary adapt-era Simic recommendation: counters and Adapt echo bounded mechanics texture, while official identity proof remains the source-backed Simic leadership and adaptation cluster.	src_wotc_flavorful_guide_ravnica_allegiance_2019;src_wotc_ravnica_allegiance_mechanics_2018	src_wotc_flavorful_guide_ravnica_allegiance_2019=https://magic.wizards.com/en/news/feature/flavorful-guide-guilds-ravnica-allegiance-2019-02-07;src_wotc_ravnica_allegiance_mechanics_2018=https://magic.wizards.com/en/news/feature/ravnica-allegiance-mechanics	EVIDENCE_NEEDED	EVIDENCE_NEEDED	Skip if you want a commander that creates counters without support or if your deck lacks enough counter density. Existing wording contains reviewer/source-method language and is not eligible as player copy.	None	NOT_APPLICABLE	2
UG	Tatyova, Benthic Druid	0715e860-3b3b-4331-9718-207973e94fee	data/raw-factions/simic_combine/simic_combine.profile.json#/commander_compass/weird_stretch_commanders/0	APPROVED_COMMANDER_GUIDANCE_CANDIDATE	simic_combine_claim_002;simic_combine_claim_0018;simic_combine_claim_0020	Legendary Creature — Merfolk Druid; CI=UG; oracle_id=0715e860-3b3b-4331-9718-207973e94fee	Tatyova is not Simic Combine lore proof, but her landfall play can be kept adjacent to Upwelling-style renewal when explicitly framed as auxiliary resource flow rather than canonical identity.	src_wotc_flavorful_guide_ravnica_allegiance_2019;src_wotc_ravnica_allegiance_mechanics_2018	src_wotc_flavorful_guide_ravnica_allegiance_2019=https://magic.wizards.com/en/news/feature/flavorful-guide-guilds-ravnica-allegiance-2019-02-07;src_wotc_ravnica_allegiance_mechanics_2018=https://magic.wizards.com/en/news/feature/ravnica-allegiance-mechanics	EVIDENCE_NEEDED	EVIDENCE_NEEDED	Strong UG Commander product fit, but only adjacent to Simic faction identity. Skip if you want biomancy, counters, or strict Ravnica flavor. Existing wording contains reviewer/source-method language and is not eligible as player copy.	None	NOT_APPLICABLE	3
UG	Vorel of the Hull Clade	3001f971-c4db-4176-89b5-e7f4a8890c0f	data/raw-factions/simic_combine/simic_combine.profile.json#/commander_compass/budget_friendly_commanders/0	APPROVED_COMMANDER_GUIDANCE_CANDIDATE	simic_combine_claim_004;simic_combine_claim_006;simic_combine_claim_007;simic_combine_claim_0020	Legendary Creature — Human Merfolk; CI=UG; oracle_id=3001f971-c4db-4176-89b5-e7f4a8890c0f	Vorel is a Commander/card bridge to Hull Clade counter play, but his recommendation is auxiliary unless future bounded source localization supports Vorel-specific lore proof.	src_wotc_flavorful_guide_ravnica_allegiance_2019;src_wotc_ravnica_allegiance_mechanics_2018	src_wotc_flavorful_guide_ravnica_allegiance_2019=https://magic.wizards.com/en/news/feature/flavorful-guide-guilds-ravnica-allegiance-2019-02-07;src_wotc_ravnica_allegiance_mechanics_2018=https://magic.wizards.com/en/news/feature/ravnica-allegiance-mechanics	EVIDENCE_NEEDED	EVIDENCE_NEEDED	Skip if you want card advantage in the command zone or dislike activated-ability setup turns. Existing wording contains reviewer/source-method language and is not eligible as player copy.	None	NOT_APPLICABLE	4
UG	Prime Speaker Vannifar	b543bfa2-0174-4dd8-9ee6-09b92fb44934	data/raw-factions/simic_combine/simic_combine.profile.json#/commander_compass/advanced_complexity_commanders/0	APPROVED_COMMANDER_GUIDANCE_CANDIDATE	simic_combine_claim_005;simic_combine_claim_0019;simic_combine_claim_0020	Legendary Creature — Elf Ooze Wizard; CI=UG; oracle_id=b543bfa2-0174-4dd8-9ee6-09b92fb44934	Vannifar has source-backed Simic leadership and Adaptionist pressure context, while pod-style gameplay is auxiliary Commander texture rather than independent canon proof.	src_wotc_flavorful_guide_ravnica_allegiance_2019	src_wotc_flavorful_guide_ravnica_allegiance_2019=https://magic.wizards.com/en/news/feature/flavorful-guide-guilds-ravnica-allegiance-2019-02-07	EVIDENCE_NEEDED	EVIDENCE_NEEDED	Can become deterministic and combo-heavy if tuned. Skip if your group dislikes Birthing Pod-style chains, tutor density, or combo toolboxes. Existing wording contains reviewer/source-method language and is not eligible as player copy.	None	NOT_APPLICABLE	5
UG	Momir Vig, Simic Visionary	6202d1cf-5359-4783-846d-7f35460e42b4	data/raw-factions/simic_combine/simic_combine.profile.json#/commander_compass/iconic_lore_forward_commanders/0	APPROVED_COMMANDER_GUIDANCE_CANDIDATE	simic_combine_claim_0033;simic_combine_claim_0018;simic_combine_claim_0020	Legendary Creature — Elf Wizard; CI=UG; oracle_id=6202d1cf-5359-4783-846d-7f35460e42b4	Momir Vig has source-backed old-Simic cytoplast and improvement history; tutor-heavy gameplay is auxiliary Commander texture rather than standalone faction proof.	src_wotc_flavorful_guide_ravnica_allegiance_2019	src_wotc_flavorful_guide_ravnica_allegiance_2019=https://magic.wizards.com/en/news/feature/flavorful-guide-guilds-ravnica-allegiance-2019-02-07	EVIDENCE_NEEDED	EVIDENCE_NEEDED	Tutor-heavy builds can become repetitive. Skip if you want modern counter mechanics or if repeated tutoring slows your games. Existing wording contains reviewer/source-method language and is not eligible as player copy.	None	NOT_APPLICABLE	6
WR	Aurelia, the Warleader	0f5a3a09-2f07-4774-9e0f-e99d9a444166	data/raw-factions/boros_legion/boros_legion.profile.json#/commander_compass/native_fit_commanders/0	APPROVED_COMMANDER_GUIDANCE_CANDIDATE	boros_legion_claim_004;boros_legion_claim_009;boros_legion_claim_026	Legendary Creature — Angel; CI=WR; oracle_id=0f5a3a09-2f07-4774-9e0f-e99d9a444166	She is the definitive Boros Guildmaster, focused on overwhelming the opponent through sheer military force.	src_wotc_flavorful_guide_guilds_ravnica_2018;src_wotc_gatecrash_boros_lore_2013	src_wotc_flavorful_guide_guilds_ravnica_2018=https://magic.wizards.com/en/news/feature/flavorful-guide-guilds-ravnica-2018-10-03;src_wotc_gatecrash_boros_lore_2013=https://magic.wizards.com/en/news/feature/boros-legion	REVIEW_REQUIRED	APPROVED_PUBLIC	Discovery-only story-corpus claims removed from this support chain during Gate 3. Commander/card/product material remains auxiliary and is not authoritative Boros semantic proof. You prefer a slow, reactive deck or don't enjoy the combat phase. Provenance resolves and existing Commander guidance states a bounded relationship; public wording still requires owner approval.	Aurelia attacks with haste, untaps your creatures, and creates a second combat the first time she attacks each turn.	APPROVE	1
WR	Osgir, the Reconstructor	add020f8-a6ae-4ce1-8d4e-f48f3fd14767	data/raw-factions/boros_legion/boros_legion.profile.json#/commander_compass/weird_stretch_commanders/0	APPROVED_COMMANDER_GUIDANCE_CANDIDATE	boros_legion_claim_001;boros_legion_claim_002;boros_legion_claim_003;boros_legion_claim_029;boros_legion_claim_031	Legendary Creature — Giant Artificer; CI=WR; oracle_id=add020f8-a6ae-4ce1-8d4e-f48f3fd14767	While Lorehold-branded, he fits the Boros color identity and provides a unique resource-management style often missing in Ravnica Boros.	src_wotc_flavorful_guide_guilds_ravnica_2018	src_wotc_flavorful_guide_guilds_ravnica_2018=https://magic.wizards.com/en/news/feature/flavorful-guide-guilds-ravnica-2018-10-03	EVIDENCE_NEEDED	EVIDENCE_NEEDED	Flavor mismatch with Ravnica Legion. Lorehold-branded card; keep as a cross-faction product stretch rather than native Boros lore. Lorehold-branded commander remains a cross-faction product stretch. Commander/card/product material remains auxiliary and is not authoritative Boros semantic proof. You want a purely 'combat-first' Ravnica flavor. Current relationship bridge depends on generic color, product, or mechanical analogy rather than a direct native identity/card anchor.	None	NOT_APPLICABLE	2
WR	Tajic, Legion's Edge	ae6f21a2-e6b6-4793-8343-e27310c0bea1	data/raw-factions/boros_legion/boros_legion.profile.json#/commander_compass/budget_friendly_commanders/0	APPROVED_COMMANDER_GUIDANCE_CANDIDATE	boros_legion_claim_006;boros_legion_claim_026	Legendary Creature — Human Soldier; CI=WR; oracle_id=ae6f21a2-e6b6-4793-8343-e27310c0bea1	A low-cost commander that protects your team from damage and encourages offensive growth.	src_wotc_guilds_ravnica_mechanics_2018	src_wotc_guilds_ravnica_mechanics_2018=https://magic.wizards.com/en/news/feature/guilds-ravnica-mechanics-2018-09-04	REVIEW_REQUIRED	APPROVED_PUBLIC	Tajic is retained only as auxiliary Commander/card support, not as authoritative key-figure proof. Commander/card/product material remains auxiliary and is not authoritative Boros semantic proof. You are playing against decks with lots of targeted 'destroy' effects rather than 'damage' effects. Provenance resolves and existing Commander guidance states a bounded relationship; public wording still requires owner approval.	A low-cost commander whose mentor rewards attacking and who prevents noncombat damage to your other creatures.	APPROVE	3
WR	Feather, the Redeemed	aa219936-661b-4ccb-8741-78b70cff2b1a	data/raw-factions/boros_legion/boros_legion.profile.json#/commander_compass/advanced_complexity_commanders/0	APPROVED_COMMANDER_GUIDANCE_CANDIDATE	boros_legion_claim_009	Legendary Creature — Angel; CI=WR; oracle_id=aa219936-661b-4ccb-8741-78b70cff2b1a	A unique Boros 'spellslinger' engine that turns single-target buffs into recurring value.	src_ravnica_novel_2005;src_wotc_gatecrash_boros_lore_2013	src_ravnica_novel_2005=N/A;src_wotc_gatecrash_boros_lore_2013=https://magic.wizards.com/en/news/feature/boros-legion	REVIEW_REQUIRED	APPROVED_PUBLIC	Feather is retained only through bounded leadership-transition support; story-corpus claims removed. Commander/card/product material remains auxiliary and is not authoritative Boros semantic proof. You dislike tracking many triggers per turn. Provenance resolves and existing Commander guidance states a bounded relationship; public wording still requires owner approval.	Feather returns an instant or sorcery that targeted one of your creatures to your hand at the next end step instead of letting it stay in the graveyard.	APPROVE	4
LOREHOLD	Lorehold, the Historian	61a41cf1-60cc-45ba-aa98-493c14e87d9d	data/raw-factions/lorehold/lorehold.profile.json#/commander_compass/native_fit_commanders/0	APPROVED_COMMANDER_GUIDANCE_CANDIDATE	claim_lorehold_figure_0001;claim_lorehold_figure_0002;claim_lorehold_figure_0003;claim_lorehold_figure_0004;claim_lorehold_mechanic_0011;claim_lorehold_mechanic_0012	Legendary Creature — Elder Dragon; CI=WR; oracle_id=61a41cf1-60cc-45ba-aa98-493c14e87d9d	Directly embodies the 'Eureka' moment of discovery by granting Miracle to all instants and sorceries in hand.	src_lorehold_0009;src_lorehold_0002;src_lorehold_0005	src_lorehold_0009=https://magic.wizards.com/en/news/magic-story/the-legends-of-secrets-of-strixhaven;src_lorehold_0002=https://magic.wizards.com/en/news/feature/planeswalkers-guide-strixhaven-2021-04-01;src_lorehold_0005=https://magic.wizards.com/en/news/feature/strixhaven-school-mages-and-commander-2021-edition-release-notes-2021-04-16	REVIEW_REQUIRED	APPROVED_PUBLIC	Requires specific top-deck manipulation (Scroll Rack, Sensei's Divining Top) to maximize Miracle. Your deck is primarily permanent-based (artifacts/creatures) rather than instants and sorceries. Provenance resolves and existing Commander guidance states a bounded relationship; public wording still requires owner approval.	Directly embodies the 'Eureka' moment of discovery by granting Miracle to all instants and sorceries in hand.	APPROVE	1
LOREHOLD	Quintorius, History Chaser	5c40a8d4-6969-4d71-aba5-5c7e4109b7d5	data/raw-factions/lorehold/lorehold.profile.json#/commander_compass/budget_friendly_commanders/0	APPROVED_COMMANDER_GUIDANCE_CANDIDATE	claim_lorehold_figure_0005;claim_lorehold_figure_0006;claim_lorehold_figure_0007;claim_lorehold_location_0006;claim_lorehold_timeline_0006;claim_lorehold_figure_0021;claim_lorehold_figure_0015	Legendary Planeswalker — Quintorius; CI=WR; oracle_id=5c40a8d4-6969-4d71-aba5-5c7e4109b7d5	Represents the college's main protagonist in his 2026 iteration, focusing on the spirit-driven historical research.	src_lorehold_0009;src_lorehold_0010;src_lorehold_0008;src_lorehold_0006;src_lorehold_0007;src_lorehold_0013	src_lorehold_0009=https://magic.wizards.com/en/news/magic-story/the-legends-of-secrets-of-strixhaven;src_lorehold_0010=https://magic.wizards.com/en/news/magic-story/secrets-of-strixhaven-field-studies-in-a-future-tense;src_lorehold_0008=https://magic.wizards.com/en/news/magic-story/planeswalkers-guide-to-secrets-of-strixhaven;src_lorehold_0006=https://magic.wizards.com/en/news/magic-story/mentor-2021-04-16;src_lorehold_0007=https://magic.wizards.com/en/news/magic-story/a-radiant-heart;src_lorehold_0013=stories/042 - Strixhaven: School of Mages/007_The Mentor.typ	REVIEW_REQUIRED	APPROVED_PUBLIC	Commander eligibility comes from explicit Oracle text, not from the planeswalker type line alone. You are building a high-power non-creature storm deck. Provenance resolves and existing Commander guidance states a bounded relationship; public wording still requires owner approval.	Represents the college's main protagonist in his 2026 iteration, focusing on the spirit-driven historical research.	APPROVE	2
LOREHOLD	Velomachus Lorehold	43832745-5d7d-4957-8e30-2072ad012564	data/raw-factions/lorehold/lorehold.profile.json#/commander_compass/iconic_lore_forward_commanders/0	APPROVED_COMMANDER_GUIDANCE_CANDIDATE	claim_lorehold_figure_0001;claim_lorehold_figure_0002;claim_lorehold_figure_0003;claim_lorehold_figure_0004;claim_lorehold_mechanic_0011;claim_lorehold_mechanic_0012	Legendary Creature — Elder Dragon; CI=WR; oracle_id=43832745-5d7d-4957-8e30-2072ad012564	The founder of the college and the original face of Lorehold's spellslinger-aggro identity.	src_lorehold_0009;src_lorehold_0002;src_lorehold_0005	src_lorehold_0009=https://magic.wizards.com/en/news/magic-story/the-legends-of-secrets-of-strixhaven;src_lorehold_0002=https://magic.wizards.com/en/news/feature/planeswalkers-guide-strixhaven-2021-04-01;src_lorehold_0005=https://magic.wizards.com/en/news/feature/strixhaven-school-mages-and-commander-2021-edition-release-notes-2021-04-16	REVIEW_REQUIRED	APPROVED_PUBLIC	You want a lower mana-value commander; 7 mana is a steep investment in Boros. Provenance resolves and existing Commander guidance states a bounded relationship; public wording still requires owner approval.	When Velomachus attacks, it looks seven cards deep and can cast an instant or sorcery with mana value no greater than its power without paying that spell's mana cost.	APPROVE	3
PRISMARI	Rootha, Mastering the Moment	348c67ef-9ccc-4651-9038-efdf1ad1b36a	data/raw-factions/prismari/prismari.profile.json#/commander_compass/native_fit_commanders/0	APPROVED_COMMANDER_GUIDANCE_CANDIDATE		Legendary Creature — Orc Sorcerer; CI=UR; oracle_id=348c67ef-9ccc-4651-9038-efdf1ad1b36a	The official decklist identifies Rootha, Mastering the Moment as the face commander for Prismari Artistry.			EVIDENCE_NEEDED	EVIDENCE_NEEDED	Does not prove canon lore or character biography. Does not prove popularity, power level, legality, or metagame position. Use only for official product navigation or support-only deck exploration; do not use as metagame, popularity, legality, or lore proof. Candidate uses missing, string-only, or incomplete claim/source provenance.	None	NOT_APPLICABLE	1
PRISMARI	Muddle, the Ever-Changing	9a8f6e5e-6cde-49df-861c-a26cb09c9b12	data/raw-factions/prismari/prismari.profile.json#/commander_compass/native_fit_commanders/1	APPROVED_COMMANDER_GUIDANCE_CANDIDATE		Legendary Creature — Elemental Otter Shapeshifter; CI=UR; oracle_id=9a8f6e5e-6cde-49df-861c-a26cb09c9b12	The official decklist identifies Muddle, the Ever-Changing as the featured commander for Prismari Artistry.			EVIDENCE_NEEDED	EVIDENCE_NEEDED	Does not prove canon lore or character biography. Does not prove popularity, power level, legality, or metagame position. Use only for official product navigation or support-only deck exploration; do not use as metagame, popularity, legality, or lore proof. Candidate uses missing, string-only, or incomplete claim/source provenance.	None	NOT_APPLICABLE	2
QUANDRIX	Zimone, Infinite Analyst	977f9390-e01d-4e9d-8e9c-e543b1266972	data/raw-factions/quandrix/quandrix.profile.json#/commander_compass/native_fit_commanders/0	APPROVED_COMMANDER_GUIDANCE_CANDIDATE		Legendary Creature — Human Wizard; CI=UG; oracle_id=977f9390-e01d-4e9d-8e9c-e543b1266972	The official decklist identifies Zimone, Infinite Analyst as the face commander for Quandrix Unlimited.			EVIDENCE_NEEDED	EVIDENCE_NEEDED	Does not prove canon lore or character biography. Does not prove popularity, power level, legality, or metagame position. Use only for official product navigation or support-only deck exploration; do not use as metagame, popularity, legality, or lore proof. Candidate uses missing, string-only, or incomplete claim/source provenance.	None	NOT_APPLICABLE	1
QUANDRIX	Primo, the Unbounded	65fb0e20-61f8-4c61-bc08-7f6f718ee9ee	data/raw-factions/quandrix/quandrix.profile.json#/commander_compass/native_fit_commanders/1	APPROVED_COMMANDER_GUIDANCE_CANDIDATE		Legendary Creature — Fractal Wolf; CI=UG; oracle_id=65fb0e20-61f8-4c61-bc08-7f6f718ee9ee	The official decklist identifies Primo, the Unbounded as the featured commander for Quandrix Unlimited.			EVIDENCE_NEEDED	EVIDENCE_NEEDED	Does not prove canon lore or character biography. Does not prove popularity, power level, legality, or metagame position. Use only for official product navigation or support-only deck exploration; do not use as metagame, popularity, legality, or lore proof. Candidate uses missing, string-only, or incomplete claim/source provenance.	None	NOT_APPLICABLE	2
SILVERQUILL	Killian, Decisive Mentor	9c54bd34-667d-415c-ad26-82e0eb0ff409	data/raw-factions/silverquill/silverquill.profile.json#/commander_compass/native_fit_commanders/0	APPROVED_COMMANDER_GUIDANCE_CANDIDATE		Legendary Creature — Human Warlock; CI=WB; oracle_id=9c54bd34-667d-415c-ad26-82e0eb0ff409	The official decklist identifies Killian, Decisive Mentor as the face commander for Silverquill Influence.			EVIDENCE_NEEDED	EVIDENCE_NEEDED	Does not prove canon lore or character biography. Does not prove popularity, power level, legality, or metagame position. Use only for official product navigation or support-only deck exploration; do not use as metagame, popularity, legality, or lore proof. Candidate uses missing, string-only, or incomplete claim/source provenance.	None	NOT_APPLICABLE	1
SILVERQUILL	Scriv, the Obligator	64c986f0-e786-419c-9b51-8c316c8fae0e	data/raw-factions/silverquill/silverquill.profile.json#/commander_compass/native_fit_commanders/1	APPROVED_COMMANDER_GUIDANCE_CANDIDATE		Legendary Creature — Inkling Bird; CI=WB; oracle_id=64c986f0-e786-419c-9b51-8c316c8fae0e	The official decklist identifies Scriv, the Obligator as the featured commander for Silverquill Influence.			EVIDENCE_NEEDED	EVIDENCE_NEEDED	Does not prove canon lore or character biography. Does not prove popularity, power level, legality, or metagame position. Use only for official product navigation or support-only deck exploration; do not use as metagame, popularity, legality, or lore proof. Candidate uses missing, string-only, or incomplete claim/source provenance.	None	NOT_APPLICABLE	2
WITHERBLOOM	Dina, Essence Brewer	f61c1dc4-2f09-4b50-957f-ee656c659072	data/raw-factions/witherbloom/witherbloom.profile.json#/commander_compass/native_fit_commanders/0	APPROVED_COMMANDER_GUIDANCE_CANDIDATE		Legendary Creature — Dryad Druid; CI=BG; oracle_id=f61c1dc4-2f09-4b50-957f-ee656c659072	The official decklist identifies Dina, Essence Brewer as the face commander for Witherbloom Pestilence.			EVIDENCE_NEEDED	EVIDENCE_NEEDED	Does not prove canon lore or character biography. Does not prove popularity, power level, legality, or metagame position. Use only for official product navigation or support-only deck exploration; do not use as metagame, popularity, legality, or lore proof. Candidate uses missing, string-only, or incomplete claim/source provenance.	None	NOT_APPLICABLE	1
WITHERBLOOM	Gorma, the Gullet	ae5f30cc-a22e-4fbb-9510-e9429de3623c	data/raw-factions/witherbloom/witherbloom.profile.json#/commander_compass/native_fit_commanders/1	APPROVED_COMMANDER_GUIDANCE_CANDIDATE		Legendary Creature — Pest Frog; CI=BG; oracle_id=ae5f30cc-a22e-4fbb-9510-e9429de3623c	The official decklist identifies Gorma, the Gullet as the featured commander for Witherbloom Pestilence.			EVIDENCE_NEEDED	EVIDENCE_NEEDED	Does not prove canon lore or character biography. Does not prove popularity, power level, legality, or metagame position. Use only for official product navigation or support-only deck exploration; do not use as metagame, popularity, legality, or lore proof. Candidate uses missing, string-only, or incomplete claim/source provenance.	None	NOT_APPLICABLE	2
BANT	Rafiq of the Many	c6e17443-2379-419d-8c32-13ea9bf52993	data/raw-factions/bant/bant.profile.json#/commander_compass/native_fit_commanders/0	APPROVED_COMMANDER_GUIDANCE_CANDIDATE	bant_claim_0006;bant_claim_0008	Legendary Creature — Human Knight; CI=WUG; oracle_id=c6e17443-2379-419d-8c32-13ea9bf52993	Rafiq is the clearest Bant champion expression: one worthy attacker receives the force and recognition of the whole.	src_vm_bant_evidence_ledger_20260528;src_vm_bant_manual_fill_20260529	src_vm_bant_evidence_ledger_20260528=docs/research/bant/bant-evidence-ledger.md;src_vm_bant_manual_fill_20260529=docs/research/bant/bant-manual-fill.md	REVIEW_REQUIRED	APPROVED_PUBLIC	Card data and deck guidance require live verification before runtime Commander Compass use. The player wants broad go-wide tokens, prison control, or ramp with no champion frame. Provenance resolves and existing Commander guidance states a bounded relationship; public wording still requires owner approval.	Rafiq is the clearest Bant champion expression: one worthy attacker receives the force and recognition of the whole.	APPROVE	1
BANT	Chulane, Teller of Tales	ebf7ce9b-9e5e-4557-9e28-76556997f0ee	data/raw-factions/bant/bant.profile.json#/commander_compass/native_fit_commanders/1	APPROVED_COMMANDER_GUIDANCE_CANDIDATE		Legendary Creature — Human Druid; CI=WUG; oracle_id=ebf7ce9b-9e5e-4557-9e28-76556997f0ee	Manual-fill guidance places creature-forward value and clean creature-based combo inside Bant when the line remains creature/community framed.	src_vm_bant_manual_fill_20260529	src_vm_bant_manual_fill_20260529=docs/research/bant/bant-manual-fill.md	EVIDENCE_NEEDED	EVIDENCE_NEEDED	Commander-specific claims are curation support, not live recommendation output. The deck becomes generic combo efficiency with no communal or creature-forward identity. Candidate resolves only to support records, not a substantive certified identity claim.	None	NOT_APPLICABLE	2
BANT	Tuvasa the Sunlit	6a83d976-8087-48d7-b6f5-63efb8329e99	data/raw-factions/bant/bant.profile.json#/commander_compass/native_fit_commanders/2	APPROVED_COMMANDER_GUIDANCE_CANDIDATE		Legendary Creature — Merfolk Shaman; CI=WUG; oracle_id=6a83d976-8087-48d7-b6f5-63efb8329e99	The workbook and manual-fill notes support enchantress and aura engines as Bant-facing when they stay creature-centered instead of prison-centered.	src_vm_bant_manual_fill_20260529;src_vm_commander_workbook_20260529	src_vm_bant_manual_fill_20260529=docs/research/bant/bant-manual-fill.md;src_vm_commander_workbook_20260529=docs/research/vox_mana_second_commander_recommendations_enhanced.xlsx	EVIDENCE_NEEDED	EVIDENCE_NEEDED	Use as lane support only until Commander Compass promotion. The enchantment package is primarily tax, denial, or prison without a creature/community frame. Candidate resolves only to support records, not a substantive certified identity claim.	None	NOT_APPLICABLE	3
BANT	Morska, Undersea Sleuth	80ea3e65-946d-42c3-a26f-3d74e81d70b4	data/raw-factions/bant/bant.profile.json#/commander_compass/native_fit_commanders/3	APPROVED_COMMANDER_GUIDANCE_CANDIDATE		Legendary Creature — Vedalken Fish Detective; CI=WUG; oracle_id=80ea3e65-946d-42c3-a26f-3d74e81d70b4	The Commander workbook identifies Deep Clue Sea as a Bant value and Clue-token expression with White structure, Blue card draw, and Green support.	src_vm_commander_workbook_20260529	src_vm_commander_workbook_20260529=docs/research/vox_mana_second_commander_recommendations_enhanced.xlsx	EVIDENCE_NEEDED	EVIDENCE_NEEDED	Workbook curation is not yet runtime recommendation data. The player wants fast combat or non-Bant artifact control rather than incremental Clue value. Candidate resolves only to support records, not a substantive certified identity claim.	None	NOT_APPLICABLE	4
BANT	Derevi, Empyrial Tactician	afa49a09-146f-4439-850e-dd1938c93cef	data/raw-factions/bant/bant.profile.json#/commander_compass/weird_stretch_commanders/0	APPROVED_COMMANDER_GUIDANCE_CANDIDATE		Legendary Creature — Bird Wizard; CI=WUG; oracle_id=afa49a09-146f-4439-850e-dd1938c93cef	Evasive tempo and creature-based tap/untap value can remain Bant-facing.	src_vm_bant_manual_fill_20260529;src_vm_commander_workbook_20260529	src_vm_bant_manual_fill_20260529=docs/research/bant/bant-manual-fill.md;src_vm_commander_workbook_20260529=docs/research/vox_mana_second_commander_recommendations_enhanced.xlsx	EVIDENCE_NEEDED	EVIDENCE_NEEDED	Derevi must be strategy-qualified before recommendation. The build is hard-lock stax, resource denial, or prison-first control. Candidate resolves only to support records, not a substantive certified identity claim.	None	NOT_APPLICABLE	5
BANT	Roon of the Hidden Realm	fd336830-4a11-42b8-9fc7-d7526f569124	data/raw-factions/bant/bant.profile.json#/commander_compass/advanced_complexity_commanders/0	APPROVED_COMMANDER_GUIDANCE_CANDIDATE		Legendary Creature — Rhino Soldier; CI=WUG; oracle_id=fd336830-4a11-42b8-9fc7-d7526f569124	Manual-fill guidance and workbook rows support blink and ETB value as Bant-facing when creature/community framing stays present.	src_vm_bant_manual_fill_20260529;src_vm_commander_workbook_20260529	src_vm_bant_manual_fill_20260529=docs/research/bant/bant-manual-fill.md;src_vm_commander_workbook_20260529=docs/research/vox_mana_second_commander_recommendations_enhanced.xlsx	EVIDENCE_NEEDED	EVIDENCE_NEEDED	Runtime complexity lane is not implemented in VM-159. The player dislikes trigger management or slower value engines. Candidate resolves only to support records, not a substantive certified identity claim.	None	NOT_APPLICABLE	6
BANT	Jenara, Asura of War	d06cd670-7ffc-4295-97d1-0eff042fb6d5	data/raw-factions/bant/bant.profile.json#/commander_compass/iconic_lore_forward_commanders/0	APPROVED_COMMANDER_GUIDANCE_CANDIDATE		Legendary Creature — Angel; CI=WUG; oracle_id=d06cd670-7ffc-4295-97d1-0eff042fb6d5	Jenara is a Bant-associated legendary angel and supports an honor-coded protected-threat lane.	src_vm_bant_evidence_ledger_20260528;src_vm_bant_manual_fill_20260529	src_vm_bant_evidence_ledger_20260528=docs/research/bant/bant-evidence-ledger.md;src_vm_bant_manual_fill_20260529=docs/research/bant/bant-manual-fill.md	EVIDENCE_NEEDED	EVIDENCE_NEEDED	Specific angel hierarchy is not inferred from this card. The user wants broad board consensus or prison control rather than a focused protected threat. Candidate resolves only to support records, not a substantive certified identity claim.	None	NOT_APPLICABLE	7
ESPER	Y'shtola, Night's Blessed	3268251a-8292-44f9-9267-c961b182f739	data/raw-factions/esper/esper.profile.json#/commander_compass/native_fit_commanders/0	APPROVED_COMMANDER_GUIDANCE_CANDIDATE	esper_claim_0003;esper_claim_0005;esper_claim_0006	Legendary Creature — Cat Warlock; CI=WUB; oracle_id=3268251a-8292-44f9-9267-c961b182f739	Scions & Spellcraft is an exact White/Blue/Black support deck, and Y'shtola turns answers and card flow into a steady advantage plan that fits Esper's knowledge-first control lane.	src_vm_wub_commander_jsonl_20260529	src_vm_wub_commander_jsonl_20260529=docs/research/vox_mana_second_commander_recommendations_enhanced.jsonl	EVIDENCE_NEEDED	EVIDENCE_NEEDED	Product/operator support; not Esper canon evidence. Do not treat crossover story context as Alaran Esper lore. The player wants fast combat, low bookkeeping, or Alaran Esper story grounding. Current relationship bridge depends on generic color, product, or mechanical analogy rather than a direct native identity/card anchor.	None	NOT_APPLICABLE	1
ESPER	Aminatou, Veil Piercer	bf45f5ee-4d5f-4920-b612-b5492c2f035d	data/raw-factions/esper/esper.profile.json#/commander_compass/native_fit_commanders/1	APPROVED_COMMANDER_GUIDANCE_CANDIDATE	esper_claim_0003;esper_claim_0004;esper_claim_0005	Legendary Creature — Human Wizard; CI=WUB; oracle_id=bf45f5ee-4d5f-4920-b612-b5492c2f035d	Miracle Worker is exact White/Blue/Black support, and Aminatou rewards library setup, enchantment engines, and perfectly timed miracle turns.	src_vm_wub_commander_jsonl_20260529	src_vm_wub_commander_jsonl_20260529=docs/research/vox_mana_second_commander_recommendations_enhanced.jsonl	EVIDENCE_NEEDED	EVIDENCE_NEEDED	Product/operator support; not Esper canon evidence. The player dislikes topdeck planning, enchantment engines, or careful sequencing. Current relationship bridge depends on generic color, product, or mechanical analogy rather than a direct native identity/card anchor.	None	NOT_APPLICABLE	2
ESPER	Oloro, Ageless Ascetic	620ff5f2-7d3f-467f-943d-3b62c2135023	data/raw-factions/esper/esper.profile.json#/commander_compass/native_fit_commanders/2	APPROVED_COMMANDER_GUIDANCE_CANDIDATE	esper_claim_0003;esper_claim_0006;esper_claim_0007	Legendary Creature — Giant Soldier; CI=WUB; oracle_id=620ff5f2-7d3f-467f-943d-3b62c2135023	Eternal Bargain is exact White/Blue/Black support, and Oloro turns life gain, card draw, and artifact value into a slow plan of inevitability.	src_vm_wub_commander_jsonl_20260529	src_vm_wub_commander_jsonl_20260529=docs/research/vox_mana_second_commander_recommendations_enhanced.jsonl	EVIDENCE_NEEDED	EVIDENCE_NEEDED	Product/operator support; not Esper canon evidence. The player wants proactive combat or dislikes a slower command-zone engine. Current relationship bridge depends on generic color, product, or mechanical analogy rather than a direct native identity/card anchor.	None	NOT_APPLICABLE	3
ESPER	Kamiz, Obscura Oculus	49da6a78-f3b2-4691-975c-efbb644311f3	data/raw-factions/esper/esper.profile.json#/commander_compass/weird_stretch_commanders/0	APPROVED_COMMANDER_GUIDANCE_CANDIDATE	esper_claim_0003;esper_claim_0005;esper_claim_0006	Legendary Creature — Octopus Rogue; CI=WUB; oracle_id=49da6a78-f3b2-4691-975c-efbb644311f3	Obscura Operation is exact White/Blue/Black support, and Kamiz shows Esper as precise evasive pressure rather than a pure control shell.	src_vm_wub_commander_jsonl_20260529	src_vm_wub_commander_jsonl_20260529=docs/research/vox_mana_second_commander_recommendations_enhanced.jsonl	EVIDENCE_NEEDED	EVIDENCE_NEEDED	Same-color product support; not Esper canon evidence. Do not display as a lore-forward Alara recommendation. The player wants classic draw-go control, no combat focus, or New Capenna identity treated as Alaran Esper. Current relationship bridge depends on generic color, product, or mechanical analogy rather than a direct native identity/card anchor.	None	NOT_APPLICABLE	4
ESPER	Aminatou, the Fateshifter	3a30089d-cd2d-49be-9b06-7a2454117692	data/raw-factions/esper/esper.profile.json#/commander_compass/advanced_complexity_commanders/0	APPROVED_COMMANDER_GUIDANCE_CANDIDATE	esper_claim_0003;esper_claim_0004;esper_claim_0005	Legendary Planeswalker — Aminatou; CI=WUB; oracle_id=3a30089d-cd2d-49be-9b06-7a2454117692	Subjective Reality is exact White/Blue/Black support, and Aminatou rewards top-of-library setup, blink value, and deliberately chosen draws.	src_vm_wub_commander_jsonl_20260529	src_vm_wub_commander_jsonl_20260529=docs/research/vox_mana_second_commander_recommendations_enhanced.jsonl	EVIDENCE_NEEDED	EVIDENCE_NEEDED	Product/operator support; not Esper canon evidence. The player wants simple combat math or dislikes managing the top card of the library. Current relationship bridge depends on generic color, product, or mechanical analogy rather than a direct native identity/card anchor.	None	NOT_APPLICABLE	5
ESPER	Urza, Chief Artificer	9deced63-80d0-419e-a5ac-71b06ba1459e	data/raw-factions/esper/esper.profile.json#/commander_compass/advanced_complexity_commanders/1	APPROVED_COMMANDER_GUIDANCE_CANDIDATE	esper_claim_0003;esper_claim_0005;esper_claim_0006	Legendary Creature — Human Artificer; CI=WUB; oracle_id=9deced63-80d0-419e-a5ac-71b06ba1459e	Urza's Iron Alliance is exact White/Blue/Black support, and Urza turns artifact creatures and token production into a designed board state.	src_vm_wub_commander_jsonl_20260529	src_vm_wub_commander_jsonl_20260529=docs/research/vox_mana_second_commander_recommendations_enhanced.jsonl	EVIDENCE_NEEDED	EVIDENCE_NEEDED	Product/operator support; not Esper canon evidence. Keep artifacts as gameplay texture rather than material-lore proof. The player wants spell control with few permanents or wants artifact lore treated as Esper proof. Current relationship bridge depends on generic color, product, or mechanical analogy rather than a direct native identity/card anchor.	None	NOT_APPLICABLE	6
GRIXIS	Kess, Dissident Mage	f5092c14-eec4-472c-999c-ba96c36b2fbb	data/raw-factions/grixis/grixis.profile.json#/commander_compass/native_fit_commanders/0	APPROVED_COMMANDER_GUIDANCE_CANDIDATE	grixis_claim_0002;grixis_claim_0004;grixis_claim_0006	Legendary Creature — Human Wizard; CI=UBR; oracle_id=f5092c14-eec4-472c-999c-ba96c36b2fbb	Arcane Wizardry and local exact-color Commander data support Kess as a survival-control spell lane where every answered threat can become later leverage.	src_vm_second_commander_recommendations_ubr;src_scryfall_commander_index_local	src_vm_second_commander_recommendations_ubr=;src_scryfall_commander_index_local=	EVIDENCE_NEEDED	EVIDENCE_NEEDED	Product/operator support only; not Grixis canon evidence. Do not display with public color-code match wording. The player wants creature-forward combat, low graveyard bookkeeping, or Grixis story proof rather than product support. Unresolved provenance IDs: src_vm_second_commander_recommendations_ubr, src_scryfall_commander_index_local.	None	NOT_APPLICABLE	1
GRIXIS	Nekusar, the Mindrazer	8a5e3c8e-8e22-49b9-8ee5-4a36361f0da6	data/raw-factions/grixis/grixis.profile.json#/commander_compass/native_fit_commanders/1	APPROVED_COMMANDER_GUIDANCE_CANDIDATE	grixis_claim_0003;grixis_claim_0004;grixis_claim_0007	Legendary Creature — Zombie Wizard; CI=UBR; oracle_id=8a5e3c8e-8e22-49b9-8ee5-4a36361f0da6	Mind Seize identifies Nekusar as local support for turning card flow into pressure, matching Grixis survival through advantage and punishment.	src_vm_second_commander_recommendations_ubr;src_scryfall_commander_index_local	src_vm_second_commander_recommendations_ubr=;src_scryfall_commander_index_local=	EVIDENCE_NEEDED	EVIDENCE_NEEDED	Product/operator support only; not Grixis canon evidence. Do not treat wheel gameplay as the whole shard identity. The player dislikes high-threat table posture, wheel sequencing, or damage engines that ask the whole table to respond. Unresolved provenance IDs: src_vm_second_commander_recommendations_ubr, src_scryfall_commander_index_local.	None	NOT_APPLICABLE	2
GRIXIS	Jeleva, Nephalia's Scourge	a014f283-c531-415c-ac00-e6773ea5d64d	data/raw-factions/grixis/grixis.profile.json#/commander_compass/native_fit_commanders/2	APPROVED_COMMANDER_GUIDANCE_CANDIDATE	grixis_claim_0004;grixis_claim_0006;grixis_claim_0008	Legendary Creature — Vampire Wizard; CI=UBR; oracle_id=a014f283-c531-415c-ac00-e6773ea5d64d	Mind Seize uses Jeleva as the main exact-color commander, and her play pattern turns opponents' resources into immediate leverage without creating story-world Grixis claims.	src_vm_second_commander_recommendations_ubr;src_scryfall_commander_index_local	src_vm_second_commander_recommendations_ubr=;src_scryfall_commander_index_local=	EVIDENCE_NEEDED	EVIDENCE_NEEDED	Product/operator support only; not Grixis canon evidence. Do not display as a public color-code identity lane. The player wants predictable self-contained engines, low variance, or a commander whose support is rooted in Alara lore. Unresolved provenance IDs: src_vm_second_commander_recommendations_ubr, src_scryfall_commander_index_local.	None	NOT_APPLICABLE	3
GRIXIS	Anhelo, the Painter	d3c3f293-6790-4dce-900a-8af0464c2572	data/raw-factions/grixis/grixis.profile.json#/commander_compass/weird_stretch_commanders/0	APPROVED_COMMANDER_GUIDANCE_CANDIDATE	grixis_claim_0003;grixis_claim_0004	Legendary Creature — Vampire Assassin; CI=UBR; oracle_id=d3c3f293-6790-4dce-900a-8af0464c2572	Maestros Massacre is same-color product support for spell pressure and casualty, useful only as comparator gameplay language and not as Grixis canon.	src_vm_second_commander_recommendations_ubr;src_scryfall_commander_index_local	src_vm_second_commander_recommendations_ubr=;src_scryfall_commander_index_local=	EVIDENCE_NEEDED	EVIDENCE_NEEDED	Comparator-only product support; not Grixis canon evidence. Do not merge Maestros family identity into Grixis. The player wants Alara-grounded flavor, low sacrifice cost, or a commander that is native to Grixis story context. Unresolved provenance IDs: src_vm_second_commander_recommendations_ubr, src_scryfall_commander_index_local.	None	NOT_APPLICABLE	4
GRIXIS	Mishra, Eminent One	d3438037-3efd-4ce0-88ec-6d48ab521992	data/raw-factions/grixis/grixis.profile.json#/commander_compass/advanced_complexity_commanders/0	APPROVED_COMMANDER_GUIDANCE_CANDIDATE	grixis_claim_0004;grixis_claim_0007	Legendary Creature — Human Artificer; CI=UBR; oracle_id=d3438037-3efd-4ce0-88ec-6d48ab521992	Mishra's Burnished Banner is exact-color support for artifact-copy pressure, a strong resource-conversion lane when treated as gameplay support only.	src_vm_second_commander_recommendations_ubr;src_scryfall_commander_index_local	src_vm_second_commander_recommendations_ubr=;src_scryfall_commander_index_local=	EVIDENCE_NEEDED	EVIDENCE_NEEDED	Product/operator support only; not Grixis canon evidence. The player wants low board complexity, combat-first play, or artifact lore promoted into Grixis canon. Unresolved provenance IDs: src_vm_second_commander_recommendations_ubr, src_scryfall_commander_index_local.	None	NOT_APPLICABLE	5
JUND	Prossh, Skyraider of Kher	868882d2-ed4e-4171-a17c-478a341080fb	data/raw-factions/jund/jund.profile.json#/commander_compass/native_fit_commanders/0	APPROVED_COMMANDER_GUIDANCE_CANDIDATE	jund_claim_0005;jund_claim_0006;jund_claim_0008;jund_claim_0010	Legendary Creature — Dragon; CI=BRG; oracle_id=868882d2-ed4e-4171-a17c-478a341080fb	Power Hungry is an exact Black/Red/Green support deck, and Prossh turns bodies into resources, pressure, and consequence without making sacrifice a canon claim.	src_vm_second_commander_recommendations_brg;src_scryfall_oracle_cards_local	src_vm_second_commander_recommendations_brg=docs/research/vox_mana_second_commander_recommendations_enhanced.jsonl;src_scryfall_oracle_cards_local=data/scryfall/raw/oracle-cards.json	EVIDENCE_NEEDED	EVIDENCE_NEEDED	Product/operator support only; not Jund canon evidence. Do not display with public color-code match wording. The player wants low-threat table politics, slow control, or Jund story validation rather than appetite-engine gameplay. Existing wording contains reviewer/source-method language and is not eligible as player copy.	None	NOT_APPLICABLE	1
JUND	Hearthhull, the Worldseed	UNRESOLVED	data/raw-factions/jund/jund.profile.json#/commander_compass/native_fit_commanders/1	APPROVED_COMMANDER_GUIDANCE_CANDIDATE	jund_claim_0005;jund_claim_0007;jund_claim_0010	Unresolved card	World Shaper is an exact Black/Red/Green support deck, and Hearthhull frames lands and graveyard value as spent material returning as pressure.	src_vm_second_commander_recommendations_brg;src_scryfall_oracle_cards_local	src_vm_second_commander_recommendations_brg=docs/research/vox_mana_second_commander_recommendations_enhanced.jsonl;src_scryfall_oracle_cards_local=data/scryfall/raw/oracle-cards.json	EVIDENCE_NEEDED	EVIDENCE_NEEDED	Product/operator support only; not Jund canon evidence. Keep lands/graveyard copy away from Golgari lifecycle or Grixis death-world doctrine. The player wants a commander that wins through pure combat speed or a lore-canon Jund figure. Canonical card name does not resolve in the committed Commander card index.	None	NOT_APPLICABLE	2
JUND	Disa the Restless	283bfc53-afd3-4d21-b7d5-5baba4232422	data/raw-factions/jund/jund.profile.json#/commander_compass/native_fit_commanders/2	APPROVED_COMMANDER_GUIDANCE_CANDIDATE	jund_claim_0005;jund_claim_0007;jund_claim_0010	Legendary Creature — Human Scout; CI=BRG; oracle_id=283bfc53-afd3-4d21-b7d5-5baba4232422	Graveyard Overdrive is an exact Black/Red/Green support deck, and Disa turns discarded or dead material into survival-after-impact pressure.	src_vm_second_commander_recommendations_brg;src_scryfall_oracle_cards_local	src_vm_second_commander_recommendations_brg=docs/research/vox_mana_second_commander_recommendations_enhanced.jsonl;src_scryfall_oracle_cards_local=data/scryfall/raw/oracle-cards.json	EVIDENCE_NEEDED	EVIDENCE_NEEDED	Product/operator support only; not Jund canon evidence. Do not treat Disa's non-Jund story context as Jund lore. The player wants Alaran story figures, pure sacrifice combo, or a deck with no graveyard exposure. Current relationship bridge depends on generic color, product, or mechanical analogy rather than a direct native identity/card anchor.	None	NOT_APPLICABLE	3
JUND	Henzie "Toolbox" Torre	5320f5a6-8066-47d4-aa0a-4c879f39d413	data/raw-factions/jund/jund.profile.json#/commander_compass/weird_stretch_commanders/0	APPROVED_COMMANDER_GUIDANCE_CANDIDATE	jund_claim_0005;jund_claim_0010	Legendary Creature — Devil Rogue; CI=BRG; oracle_id=5320f5a6-8066-47d4-aa0a-4c879f39d413	Riveteers Rampage is exact Black/Red/Green product support, and Henzie can express speed, cost, and temporary pressure when kept away from Riveteers faction doctrine.	src_vm_second_commander_recommendations_brg;src_scryfall_oracle_cards_local	src_vm_second_commander_recommendations_brg=docs/research/vox_mana_second_commander_recommendations_enhanced.jsonl;src_scryfall_oracle_cards_local=data/scryfall/raw/oracle-cards.json	EVIDENCE_NEEDED	EVIDENCE_NEEDED	Same-color product support only; Riveteers identity remains a Jund false positive. Do not display as a lore-forward Jund recommendation. The player is reading Riveteers family, labor, or New Capenna identity as if it were Jund. Current relationship bridge depends on generic color, product, or mechanical analogy rather than a direct native identity/card anchor.	None	NOT_APPLICABLE	4
JUND	Auntie Ool, Cursewretch	e3cd53c1-86bd-4177-adb0-a1fa693b44c6	data/raw-factions/jund/jund.profile.json#/commander_compass/budget_friendly_commanders/0	APPROVED_COMMANDER_GUIDANCE_CANDIDATE	jund_claim_0005;jund_claim_0006;jund_claim_0010	Legendary Creature — Goblin Warlock; CI=BRG; oracle_id=e3cd53c1-86bd-4177-adb0-a1fa693b44c6	Blight Curse is an exact Black/Red/Green support deck where counters, sacrifice, and attrition can read as careful appetite/consequence pressure.	src_vm_second_commander_recommendations_brg;src_scryfall_oracle_cards_local	src_vm_second_commander_recommendations_brg=docs/research/vox_mana_second_commander_recommendations_enhanced.jsonl;src_scryfall_oracle_cards_local=data/scryfall/raw/oracle-cards.json	EVIDENCE_NEEDED	EVIDENCE_NEEDED	Product/operator support only; not Jund canon evidence. The player wants the cleanest classic Jund sacrifice engine or dislikes counter-management gameplay. Current relationship bridge depends on generic color, product, or mechanical analogy rather than a direct native identity/card anchor.	None	NOT_APPLICABLE	5
JUND	Lord Windgrace	38a55562-1e2d-4240-9454-219a4a25d38d	data/raw-factions/jund/jund.profile.json#/commander_compass/advanced_complexity_commanders/0	APPROVED_COMMANDER_GUIDANCE_CANDIDATE	jund_claim_0005;jund_claim_0007;jund_claim_0010	Legendary Planeswalker — Windgrace; CI=BRG; oracle_id=38a55562-1e2d-4240-9454-219a4a25d38d	Nature's Vengeance is an exact Black/Red/Green support deck where land recursion and graveyard value can serve Jund's survival/resource-conversion lane.	src_vm_second_commander_recommendations_brg;src_scryfall_oracle_cards_local	src_vm_second_commander_recommendations_brg=docs/research/vox_mana_second_commander_recommendations_enhanced.jsonl;src_scryfall_oracle_cards_local=data/scryfall/raw/oracle-cards.json	EVIDENCE_NEEDED	EVIDENCE_NEEDED	Product/operator support only; not Jund canon evidence. Land recursion is a Commander lane, not a new Jund lore claim. The player wants a simple creature combat deck or wants land recursion treated as Jund story canon. Current relationship bridge depends on generic color, product, or mechanical analogy rather than a direct native identity/card anchor.	None	NOT_APPLICABLE	6
NAYA	Pantlaza, Sun-Favored	b828ba28-e98d-498b-9ab4-d4aa7143e407	data/factions.json#/factions/NAYA/commander_compass/native_fit_commanders	GENERATED_ONLY_NONCANONICAL		Legendary Creature — Dinosaur; CI=WRG; oracle_id=b828ba28-e98d-498b-9ab4-d4aa7143e407	Veloci-Ramp-Tor is a Naya support row, and Pantlaza turns ramp plus creature-forward scale into visible board momentum without making Dinosaurs the whole Naya identity.			REJECTED	REJECTED	The player wants spell-stack play, hard control, or Naya story validation rather than creature-forward abundance. Generated-only candidate has no matching canonical raw relationship row.	None	NOT_APPLICABLE	1097
NAYA	Marath, Will of the Wild	fae87115-8749-4d25-a594-7139dd01a034	data/factions.json#/factions/NAYA/commander_compass/native_fit_commanders	GENERATED_ONLY_NONCANONICAL		Legendary Creature — Elemental Beast; CI=WRG; oracle_id=fae87115-8749-4d25-a594-7139dd01a034	Nature of the Beast is a Naya support row, and Marath gives protected-board growth a flexible outlet across counters, bodies, and damage.			REJECTED	REJECTED	The player wants a single linear creature tribe or a low-tracking beginner deck. Generated-only candidate has no matching canonical raw relationship row.	None	NOT_APPLICABLE	1098
NAYA	Shalai and Hallar	e7604cd9-d00d-4957-82c9-46a7cdb88209	data/factions.json#/factions/NAYA/commander_compass/native_fit_commanders	GENERATED_ONLY_NONCANONICAL		Legendary Creature — Angel Elf; CI=WRG; oracle_id=e7604cd9-d00d-4957-82c9-46a7cdb88209	Call for Backup is a Naya support row, and Shalai and Hallar turn counter growth into protective pressure without adding new Naya canon.			REJECTED	REJECTED	The player dislikes counter tracking or wants noncombat combo as the primary plan. Generated-only candidate has no matching canonical raw relationship row.	None	NOT_APPLICABLE	1099
ABZAN	Felothar the Steadfast	2b3f791a-d672-46fb-a03a-96e19f2c3121	data/raw-factions/abzan/abzan.profile.json#/commander_compass/native_fit_commanders/0	APPROVED_COMMANDER_GUIDANCE_CANDIDATE		Legendary Creature — Human Warrior; CI=WBG; oracle_id=2b3f791a-d672-46fb-a03a-96e19f2c3121	The official Tarkir: Dragonstorm decklist identifies Felothar the Steadfast as the face commander for Abzan Armor.			EVIDENCE_NEEDED	EVIDENCE_NEEDED	Does not prove canon lore or character biography. Does not prove popularity, power level, legality, or metagame position. Use only for official product navigation or support-only deck exploration; do not use as metagame, popularity, legality, or lore proof. Candidate uses missing, string-only, or incomplete claim/source provenance.	None	NOT_APPLICABLE	1
ABZAN	Betor, Ancestor's Voice	990b5e12-6e04-4832-9d64-87278f12cbda	data/raw-factions/abzan/abzan.profile.json#/commander_compass/native_fit_commanders/1	APPROVED_COMMANDER_GUIDANCE_CANDIDATE		Legendary Creature — Spirit Dragon; CI=WBG; oracle_id=990b5e12-6e04-4832-9d64-87278f12cbda	The official Tarkir: Dragonstorm decklist identifies Betor, Ancestor's Voice as the featured commander for Abzan Armor.			EVIDENCE_NEEDED	EVIDENCE_NEEDED	Does not prove canon lore or character biography. Does not prove popularity, power level, legality, or metagame position. Use only for official product navigation or support-only deck exploration; do not use as metagame, popularity, legality, or lore proof. Candidate uses missing, string-only, or incomplete claim/source provenance.	None	NOT_APPLICABLE	2
TEMUR	Eshki, Temur's Roar	1b162dd3-3be6-406d-bf86-f7cc9eff098d	data/raw-factions/temur/temur.profile.json#/commander_compass/native_fit_commanders/0	APPROVED_COMMANDER_GUIDANCE_CANDIDATE		Legendary Creature — Human Warrior; CI=URG; oracle_id=1b162dd3-3be6-406d-bf86-f7cc9eff098d	The official Tarkir: Dragonstorm decklist identifies Eshki, Temur's Roar as the face commander for Temur Roar.			EVIDENCE_NEEDED	EVIDENCE_NEEDED	Does not prove canon lore or character biography. Does not prove popularity, power level, legality, or metagame position. Use only for official product navigation or support-only deck exploration; do not use as metagame, popularity, legality, or lore proof. Candidate uses missing, string-only, or incomplete claim/source provenance.	None	NOT_APPLICABLE	1
TEMUR	Ureni of the Unwritten	99c2d3ef-e5b4-48cd-b3f5-de9b02c7c36a	data/raw-factions/temur/temur.profile.json#/commander_compass/native_fit_commanders/1	APPROVED_COMMANDER_GUIDANCE_CANDIDATE		Legendary Creature — Spirit Dragon; CI=URG; oracle_id=99c2d3ef-e5b4-48cd-b3f5-de9b02c7c36a	The official Tarkir: Dragonstorm decklist identifies Ureni of the Unwritten as the featured commander for Temur Roar.			EVIDENCE_NEEDED	EVIDENCE_NEEDED	Does not prove canon lore or character biography. Does not prove popularity, power level, legality, or metagame position. Use only for official product navigation or support-only deck exploration; do not use as metagame, popularity, legality, or lore proof. Candidate uses missing, string-only, or incomplete claim/source provenance.	None	NOT_APPLICABLE	2
SULTAI	Kotis, Sibsig Champion	0177b410-b559-491f-b393-ac3ed774653c	data/raw-factions/sultai/sultai.profile.json#/commander_compass/native_fit_commanders/0	APPROVED_COMMANDER_GUIDANCE_CANDIDATE		Legendary Creature — Zombie Warrior; CI=UBG; oracle_id=0177b410-b559-491f-b393-ac3ed774653c	The official Tarkir: Dragonstorm decklist identifies Kotis, Sibsig Champion as the face commander for Sultai Arisen.			EVIDENCE_NEEDED	EVIDENCE_NEEDED	Does not prove canon lore or character biography. Does not prove popularity, power level, legality, or metagame position. Use only for official product navigation or support-only deck exploration; do not use as metagame, popularity, legality, or lore proof. Candidate uses missing, string-only, or incomplete claim/source provenance.	None	NOT_APPLICABLE	1
SULTAI	Teval, the Balanced Scale	c8cbf0ec-ec98-4cb3-8068-60e92bbd740d	data/raw-factions/sultai/sultai.profile.json#/commander_compass/native_fit_commanders/1	APPROVED_COMMANDER_GUIDANCE_CANDIDATE		Legendary Creature — Spirit Dragon; CI=UBG; oracle_id=c8cbf0ec-ec98-4cb3-8068-60e92bbd740d	The official Tarkir: Dragonstorm decklist identifies Teval, the Balanced Scale as the featured commander for Sultai Arisen.			EVIDENCE_NEEDED	EVIDENCE_NEEDED	Does not prove canon lore or character biography. Does not prove popularity, power level, legality, or metagame position. Use only for official product navigation or support-only deck exploration; do not use as metagame, popularity, legality, or lore proof. Candidate uses missing, string-only, or incomplete claim/source provenance.	None	NOT_APPLICABLE	2
MARDU	Zurgo Stormrender	0f93d88c-9d2e-416d-a10b-99483360b1fb	data/raw-factions/mardu/mardu.profile.json#/commander_compass/native_fit_commanders/0	APPROVED_COMMANDER_GUIDANCE_CANDIDATE		Legendary Creature — Orc Warrior; CI=WBR; oracle_id=0f93d88c-9d2e-416d-a10b-99483360b1fb	The local Commander workbook row for Mardu Surge supports attacking tokens, sacrifice, and aggressive combat as Mardu operator texture.			EVIDENCE_NEEDED	EVIDENCE_NEEDED	Not lore proof, not exact legality proof, and not placement evidence. Candidate uses missing, string-only, or incomplete claim/source provenance.	None	NOT_APPLICABLE	1
MARDU	Alesha, Who Smiles at Death	6969a7e2-6866-4001-a139-24b3be13deae	data/raw-factions/mardu/mardu.profile.json#/commander_compass/native_fit_commanders/1	APPROVED_COMMANDER_GUIDANCE_CANDIDATE		Legendary Creature — Human Warrior; CI=WBR; oracle_id=6969a7e2-6866-4001-a139-24b3be13deae	The local Commander workbook names Alesha in Mardu Surge support context, aligning recursion and combat pressure with Mardu operator texture.			EVIDENCE_NEEDED	EVIDENCE_NEEDED	Keep Alesha biography and timeline claims in the raw evidence ledger, not the Commander row. Candidate uses missing, string-only, or incomplete claim/source provenance.	None	NOT_APPLICABLE	2
MARDU	Edgar Markov	41e2790d-49f5-4e98-b8d9-04179f47f13a	data/raw-factions/mardu/mardu.profile.json#/commander_compass/native_fit_commanders/2	APPROVED_COMMANDER_GUIDANCE_CANDIDATE		Legendary Creature — Vampire Knight; CI=WBR; oracle_id=41e2790d-49f5-4e98-b8d9-04179f47f13a	The local Commander workbook row for Vampiric Bloodlust supports relentless token-forward Vampire pressure as Mardu operator texture.			EVIDENCE_NEEDED	EVIDENCE_NEEDED	Not Tarkir lore evidence and not a Mardu placement shortcut. Candidate uses missing, string-only, or incomplete claim/source provenance.	None	NOT_APPLICABLE	3
JESKAI	Shiko and Narset, Unified	40ed32a6-ad56-48c7-aecf-b4238c34c212	data/raw-factions/jeskai/jeskai.profile.json#/commander_compass/native_fit_commanders/0	APPROVED_COMMANDER_GUIDANCE_CANDIDATE		Legendary Creature — Human Spirit Dragon; CI=WUR; oracle_id=40ed32a6-ad56-48c7-aecf-b4238c34c212	The local Commander workbook row for Jeskai Striker supports extra spells, prowess, and spell copying as Jeskai operator texture.			EVIDENCE_NEEDED	EVIDENCE_NEEDED	Not lore proof, not exact legality proof, and not placement evidence. Candidate uses missing, string-only, or incomplete claim/source provenance.	None	NOT_APPLICABLE	1
JESKAI	Narset, Enlightened Master	aeaf7768-ed67-487d-8506-e667babb88ba	data/raw-factions/jeskai/jeskai.profile.json#/commander_compass/native_fit_commanders/1	APPROVED_COMMANDER_GUIDANCE_CANDIDATE		Legendary Creature — Human Monk; CI=WUR; oracle_id=aeaf7768-ed67-487d-8506-e667babb88ba	The local Commander workbook names Narset in the Jeskai Striker row as support for spell-sequencing and explosive turn texture.			EVIDENCE_NEEDED	EVIDENCE_NEEDED	Keep Narset lore and timeline claims in the raw evidence ledger, not the Commander row. Candidate uses missing, string-only, or incomplete claim/source provenance.	None	NOT_APPLICABLE	2
JESKAI	Kasla, the Broken Halo	b2d4ce3c-00b1-4a72-b652-4c129475080f	data/raw-factions/jeskai/jeskai.profile.json#/commander_compass/native_fit_commanders/2	APPROVED_COMMANDER_GUIDANCE_CANDIDATE		Legendary Creature — Angel Ally; CI=WUR; oracle_id=b2d4ce3c-00b1-4a72-b652-4c129475080f	The local Commander workbook row for Divine Convocation supports coordinated convoke casting as Jeskai operator texture.			EVIDENCE_NEEDED	EVIDENCE_NEEDED	Not Tarkir lore evidence and not a Jeskai placement shortcut. Candidate uses missing, string-only, or incomplete claim/source provenance.	None	NOT_APPLICABLE	3
YORE	Breya, Etherium Shaper	d460a9e2-5a7d-4562-880e-45174be19a9d	data/raw-factions/yore/yore.profile.json#/commander_compass/native_fit_commanders/0	APPROVED_COMMANDER_GUIDANCE_CANDIDATE		Legendary Artifact Creature — Human; CI=WUBR; oracle_id=d460a9e2-5a7d-4562-880e-45174be19a9d	The approved local Commander support row for Invent Superiority supports artifact, sacrifice, combo, and value texture for the YORE lane.			EVIDENCE_NEEDED	EVIDENCE_NEEDED	Support-only Commander material; not lore, canon, placement, claim, route, alias, or public naming authority. Skip if the user needs lore proof, naming authority, exact legality proof, placement evidence, or metagame certainty rather than support-only Commander texture. Candidate uses missing, string-only, or incomplete claim/source provenance.	None	NOT_APPLICABLE	1
GLINT	Yidris, Maelstrom Wielder	9efe8aff-9a7d-4397-b5fd-c1a0fad7c15f	data/raw-factions/glint/glint.profile.json#/commander_compass/native_fit_commanders/0	APPROVED_COMMANDER_GUIDANCE_CANDIDATE		Legendary Creature — Ogre Wizard; CI=UBRG; oracle_id=9efe8aff-9a7d-4397-b5fd-c1a0fad7c15f	The approved local Commander support row for Entropic Uprising supports Yidris, cascade, volatility, and four-color-without-White Commander texture for the GLINT lane.			EVIDENCE_NEEDED	EVIDENCE_NEEDED	Support-only Commander material; not lore, canon, placement, claim, route, alias, or public naming authority. Skip if the user needs lore proof, naming authority, exact legality proof, placement evidence, or metagame certainty rather than support-only Commander texture. Candidate uses missing, string-only, or incomplete claim/source provenance.	None	NOT_APPLICABLE	1
DUNE	Saskia the Unyielding	e54d207c-51b8-458e-86a1-2633ac064c8e	data/raw-factions/dune/dune.profile.json#/commander_compass/native_fit_commanders/0	APPROVED_COMMANDER_GUIDANCE_CANDIDATE		Legendary Creature — Human Soldier; CI=WBRG; oracle_id=e54d207c-51b8-458e-86a1-2633ac064c8e	The approved local Commander support row for Open Hostility supports Saskia, combat-pressure, and four-color-without-Blue Commander texture for the DUNE lane.			EVIDENCE_NEEDED	EVIDENCE_NEEDED	Support-only Commander material; not lore, canon, placement, claim, route, alias, or public naming authority. Skip if the user needs lore proof, naming authority, exact legality proof, placement evidence, or metagame certainty rather than support-only Commander texture. Candidate uses missing, string-only, or incomplete claim/source provenance.	None	NOT_APPLICABLE	1
INK	Kynaios and Tiro of Meletis	53ee4254-fef7-49ec-aafc-0320987764e6	data/raw-factions/ink/ink.profile.json#/commander_compass/native_fit_commanders/0	APPROVED_COMMANDER_GUIDANCE_CANDIDATE		Legendary Creature — Human Soldier; CI=WURG; oracle_id=53ee4254-fef7-49ec-aafc-0320987764e6	The approved local Commander support row for Stalwart Unity supports Stalwart Unity, Kynaios and Tiro, group-hug, and shared-resource Commander texture for the INK lane.			EVIDENCE_NEEDED	EVIDENCE_NEEDED	Support-only Commander material; not lore, canon, placement, claim, route, alias, or public naming authority. Skip if the user needs lore proof, naming authority, exact legality proof, placement evidence, or metagame certainty rather than support-only Commander texture. Candidate uses missing, string-only, or incomplete claim/source provenance.	None	NOT_APPLICABLE	1
WITCH	Atraxa, Praetors' Voice	7e6b9b59-cd68-4e3c-827b-38833c92d6eb	data/raw-factions/witch/witch.profile.json#/commander_compass/native_fit_commanders/0	APPROVED_COMMANDER_GUIDANCE_CANDIDATE		Legendary Creature — Phyrexian Angel Horror; CI=WUBG; oracle_id=7e6b9b59-cd68-4e3c-827b-38833c92d6eb	The approved local Commander support row for Breed Lethality supports Breed Lethality, Atraxa, proliferate, counters, and scaling-growth Commander texture for the WITCH lane.			EVIDENCE_NEEDED	EVIDENCE_NEEDED	Support-only Commander material; not lore, canon, placement, claim, route, alias, or public naming authority. Skip if the user needs lore proof, naming authority, exact legality proof, placement evidence, or metagame certainty rather than support-only Commander texture. Candidate uses missing, string-only, or incomplete claim/source provenance.	None	NOT_APPLICABLE	1
COLORLESS	Zhulodok, Void Gorger	ec726c54-987b-48ed-8ffa-ec73a5e35333	data/raw-factions/colorless/colorless.profile.json#/commander_compass/native_fit_commanders/0	APPROVED_COMMANDER_GUIDANCE_CANDIDATE		Legendary Creature — Eldrazi; CI=C; oracle_id=ec726c54-987b-48ed-8ffa-ec73a5e35333	The official Commander Masters Eldrazi Unbound decklist names Zhulodok in its Colorless deck, and the 2026-06-13 exact Scryfall id:c check returned this card name with empty color identity.			EVIDENCE_NEEDED	EVIDENCE_NEEDED	No legality, recommendation-quality, popularity, metagame, price, or lore assertion is made by this support row. Skip when the user needs legality, popularity, metagame, price, deck quality, broad recommendation, or non-Colorless/five-color Eldrazi claims. Candidate uses missing, string-only, or incomplete claim/source provenance.	None	NOT_APPLICABLE	1
COLORLESS	Omarthis, Ghostfire Initiate	50676eba-a55a-4749-bb07-74a30e015781	data/raw-factions/colorless/colorless.profile.json#/commander_compass/native_fit_commanders/1	APPROVED_COMMANDER_GUIDANCE_CANDIDATE		Legendary Creature — Spirit Snake; CI=C; oracle_id=50676eba-a55a-4749-bb07-74a30e015781	The official Commander Masters Eldrazi Unbound decklist names Omarthis in its Colorless deck, and the 2026-06-13 exact Scryfall id:c check returned this card name with empty color identity.			EVIDENCE_NEEDED	EVIDENCE_NEEDED	No legality, recommendation-quality, popularity, metagame, price, or lore assertion is made by this support row. Skip when the user needs legality, popularity, metagame, price, deck quality, broad recommendation, or non-Colorless/five-color Eldrazi claims. Candidate uses missing, string-only, or incomplete claim/source provenance.	None	NOT_APPLICABLE	2
WUBRG	Ulalek, Fused Atrocity	9f6828e3-39d9-45d9-9bf1-0e3737a0321e	data/raw-factions/wubrg/wubrg.profile.json#/commander_compass/native_fit_commanders/0	APPROVED_COMMANDER_GUIDANCE_CANDIDATE		Legendary Creature — Eldrazi; CI=WUBRG; oracle_id=9f6828e3-39d9-45d9-9bf1-0e3737a0321e	The local enhanced JSONL row and official Modern Horizons 3 decklist support Eldrazi Incursion as WUBRG support context.			EVIDENCE_NEEDED	EVIDENCE_NEEDED	Not lore proof, Colorless proof, legality proof, or recommendation-quality proof. Skip if the user is asking for strict Colorless proof, current legality proof, or metagame strength. Candidate uses missing, string-only, or incomplete claim/source provenance.	None	NOT_APPLICABLE	1
WUBRG	The Ur-Dragon	87b22b09-4f6d-4bc5-9cfc-663e4c7c6981	data/raw-factions/wubrg/wubrg.profile.json#/commander_compass/native_fit_commanders/1	APPROVED_COMMANDER_GUIDANCE_CANDIDATE		Legendary Creature — Dragon Avatar; CI=WUBRG; oracle_id=87b22b09-4f6d-4bc5-9cfc-663e4c7c6981	The local enhanced JSONL row, official Commander 2017 decklist, and local commander-identity cross-check support Draconic Domination as WUBRG support context.			EVIDENCE_NEEDED	EVIDENCE_NEEDED	Not lore proof, legality proof, ranking proof, metagame proof, representative play-pattern proof, or recommendation-quality proof. Skip if the user needs current legality proof, popularity proof, metagame strength, or WUBRG lore proof. Candidate uses missing, string-only, or incomplete claim/source provenance.	None	NOT_APPLICABLE	2
WUBRG	Sliver Gravemother	0d59f010-9669-4ad2-9ae9-cd88b85f282c	data/raw-factions/wubrg/wubrg.profile.json#/commander_compass/native_fit_commanders/2	APPROVED_COMMANDER_GUIDANCE_CANDIDATE		Legendary Creature — Sliver; CI=WUBRG; oracle_id=0d59f010-9669-4ad2-9ae9-cd88b85f282c	Official Commander Masters source labels Sliver Swarm Five-Color and the local row matches the WUBRG support deck.			EVIDENCE_NEEDED	EVIDENCE_NEEDED	Not lore proof, ranking proof, or universal WUBRG doctrine. Skip if the user needs exact current legality or a non-tribal Five-Color lane. Candidate uses missing, string-only, or incomplete claim/source provenance.	None	NOT_APPLICABLE	3
WUBRG	Jared Carthalion	f9485c76-122d-4faf-9194-b84ed9c41378	data/raw-factions/wubrg/wubrg.profile.json#/commander_compass/native_fit_commanders/3	APPROVED_COMMANDER_GUIDANCE_CANDIDATE		Legendary Planeswalker — Jared; CI=WUBRG; oracle_id=f9485c76-122d-4faf-9194-b84ed9c41378	The local enhanced JSONL row, official Dominaria United Commander decklist, and local commander-identity cross-check support Painbow as WUBRG support context.			EVIDENCE_NEEDED	EVIDENCE_NEEDED	Not lore proof, legality proof, popularity proof, deck-quality proof, or universal WUBRG doctrine. Skip if the user needs exact legality, a lore-forward canon claim, or a guarantee that five-color means the best or most complete identity. Candidate uses missing, string-only, or incomplete claim/source provenance.	None	NOT_APPLICABLE	4
WUBRG	Heroes in a Half Shell	9f2f12cc-0adb-482d-bbce-05e4ce8850c4	data/raw-factions/wubrg/wubrg.profile.json#/commander_compass/native_fit_commanders/4	APPROVED_COMMANDER_GUIDANCE_CANDIDATE		Legendary Creature — Mutant Ninja Turtle; CI=WUBRG; oracle_id=9f2f12cc-0adb-482d-bbce-05e4ce8850c4	The local enhanced JSONL row and official TMNT decklist support Turtle Power! as WUBRG support context.			EVIDENCE_NEEDED	EVIDENCE_NEEDED	Not lore proof, legality proof, or recommendation-quality proof. Skip if the user wants evergreen Magic lore proof rather than Universes Beyond Commander support. Candidate uses missing, string-only, or incomplete claim/source provenance.	None	NOT_APPLICABLE	5
WUBRG	Ashling, the Limitless	77a9e7cf-76e9-4323-8504-a5b831de00be	data/raw-factions/wubrg/wubrg.profile.json#/commander_compass/native_fit_commanders/5	APPROVED_COMMANDER_GUIDANCE_CANDIDATE		Legendary Creature — Elemental Sorcerer; CI=WUBRG; oracle_id=77a9e7cf-76e9-4323-8504-a5b831de00be	The local enhanced JSONL row and official Lorwyn Eclipsed decklist support Dance of the Elements as WUBRG support context.			EVIDENCE_NEEDED	EVIDENCE_NEEDED	Not lore proof, legality proof, or universal WUBRG doctrine. Skip if the user needs exact card legality or a non-product Commander claim. Candidate uses missing, string-only, or incomplete claim/source provenance.	None	NOT_APPLICABLE	6
